molecule_chembl_id,canonical_smiles,standard_value,class
CHEMBL140267,Cc1c(C(C)C)nc(C(C)C)c(CO)c1-c1ccc(F)cc1,7500.0,intermediate
CHEMBL346859,CC(C)c1nc(C(C)C)c(CO)c(-c2ccc(F)cc2)c1CO,20000.0,inactive
CHEMBL358250,CCCCCCc1c(C(C)C)nc(C(C)C)c([C@@H](C)O)c1-c1ccc(F)cc1,120.0,active
CHEMBL140209,C=Cc1c(C(C)C)nc(C(C)C)c(CO)c1-c1ccc(F)cc1,6000.0,intermediate
CHEMBL142414,CCCc1c(C(C)C)nc(C(C)C)c(C(C)O)c1-c1ccc(F)cc1,220.0,active
CHEMBL142944,CCCCc1c(C(C)C)nc(C(C)C)c(C(C)O)c1-c1ccc(F)cc1,250.0,active
CHEMBL25637,CCCc1c(C(C)C)nc(C(C)C)c([C@@H](C)O)c1-c1ccc(F)cc1,110.0,active
CHEMBL142937,CCCCCc1c(C)nc(C)c(CO)c1-c1ccccc1,20000.0,inactive
CHEMBL356089,CCCCCc1c(C(C)C)nc(C(C)C)c([C@@H](C)O)c1-c1ccc(F)cc1,150.0,active
CHEMBL422833,CCCCCCc1c(C(C)C)nc(C(C)C)c(C(C)O)c1-c1ccc(F)cc1,240.0,active
CHEMBL140514,CCCc1c(C(C)C)nc(C(C)C)c(CO)c1-c1ccc(F)cc1,400.0,active
CHEMBL140268,CCCCCCCc1c(C(C)C)nc(C(C)C)c(CO)c1-c1ccc(F)cc1,700.0,active
CHEMBL436011,COCc1c(C(C)C)nc(C(C)C)c(CO)c1-c1ccc(F)cc1,9000.0,intermediate
CHEMBL140317,COC(=O)c1c(C(C)C)nc(C(C)C)c(CO)c1-c1ccc(F)cc1,9500.0,intermediate
CHEMBL140586,CC(C)CCc1c(C(C)C)nc(C(C)C)c(CO)c1-c1ccc(F)cc1,1000.0,active
CHEMBL140636,CCCCCCCCc1c(C(C)C)nc(C(C)C)c(CO)c1-c1ccc(F)cc1,1800.0,intermediate
CHEMBL423013,CCc1nc(CC)c(CO)c(-c2ccccc2)c1CC,20000.0,inactive
CHEMBL358249,CCc1c(C)nc(C)c(CO)c1-c1ccccc1,20000.0,inactive
CHEMBL344911,CCc1c(C(C)C)nc(C(C)C)c(CO)c1-c1ccccc1,1800.0,intermediate
CHEMBL25115,CCCCCc1c(C(C)C)nc(C(C)C)c(CO)c1-c1ccccc1,1400.0,intermediate
CHEMBL142886,CCCCCc1c(C(C)C)nc(C(C)C)c(C(C)O)c1-c1ccc(F)cc1,300.0,active
CHEMBL24616,CCCCCc1c(C(C)C)nc(C(C)C)c(CO)c1-c1ccc(F)cc1,700.0,active
CHEMBL143664,CCCCCCc1c(C(C)C)nc(C(C)C)c(CO)c1-c1ccc(F)cc1,350.0,active
CHEMBL114761,CC(C)=Cc1c(C(C)C)nc(C(C)C)c(CO)c1-c1ccc(F)cc1,7000.0,intermediate
CHEMBL143609,CCc1c(C(C)C)nc(C(C)C)c(CO)c1-c1ccc(F)cc1,1000.0,active
CHEMBL143698,CCCCc1c(C(C)C)nc(C(C)C)c(CO)c1-c1ccc(F)cc1,750.0,active
CHEMBL142589,CCCCCc1c(CC)nc(CC)c(CO)c1-c1ccccc1,20000.0,inactive
CHEMBL25255,CCCCCc1c(C(C)C)nc(C(C)C)c(CO)c1-c1ccccc1F,9000.0,intermediate
CHEMBL333147,CCCCCc1c(C(C)C)nc(C(C)C)c(C(C)O)c1-c1ccc(F)cc1O,30.0,active
CHEMBL114799,CCCCc1c(C(C)C)nc(C(C)C)c(C(C)O)c1-c1ccc(F)cc1O,28.0,active
CHEMBL323913,CCCc1c(C(C)C)nc(C(C)C)c(C(C)O)c1-c1ccc(F)cc1O,18.0,active
CHEMBL24527,CCCCCc1c(C(C)C)nc(C(C)C)c(CO)c1-c1ccc(F)c(CO)c1,19000.0,inactive
CHEMBL25421,CCCCCc1c(C(C)C)nc(C(C)C)c(CO)c1-c1cccc(O)c1,6000.0,intermediate
CHEMBL24905,CCCCCc1c(C(C)C)nc(C(C)C)c(CO)c1-c1ccc(F)cc1F,11000.0,inactive
CHEMBL24388,CCCCCc1c(C(C)C)nc(C(C)C)c(CO)c1-c1ccc(F)cc1O,190.0,active
CHEMBL280724,CC(C)=Cc1c(C(C)C)nc(C(C)C)c(O)c1-c1ccc(F)cc1,7000.0,intermediate
CHEMBL114762,CCc1c(C(C)C)nc(C(C)C)c(C(C)O)c1-c1ccc(F)cc1O,20.0,active
CHEMBL25066,CCCCCc1c(C(C)C)nc(C(C)C)c(CO)c1-c1ccccc1O,500.0,active
CHEMBL284699,CCCCCc1c(C(C)C)nc(C(C)C)c(CO)c1-c1cccc(OC)c1,48000.0,inactive
CHEMBL286098,CCCCCc1c(C(C)C)nc(C(C)C)c(CO)c1-c1ccc(Cl)cc1,800.0,active
CHEMBL277627,CCCCCc1c(C(C)C)nc(C(C)C)c(CO)c1-c1ccccc1N,2300.0,intermediate
CHEMBL286555,CCCCCc1c(C(C)C)nc(C(C)C)c(CO)c1-c1ccc(F)c(F)c1,1100.0,intermediate
CHEMBL25137,CCCCCc1c(C(C)C)nc(C(C)C)c(CO)c1-c1cccc(F)c1,3000.0,intermediate
CHEMBL26238,CCCCCc1c(C(C)C)nc(C(C)C)c(CO)c1-c1ccc(C)cc1,1000.0,active
CHEMBL116413,CCCc1c(C(C)C)nc(C(C)C)c(C(C)O)c1-c1ccccc1O,40.0,active
CHEMBL104137,COc1cc(C(=O)N/N=C/c2ccnc3ccccc23)ccc1O,10000.0,inactive
CHEMBL321461,O=C(NNCc1cccc2ccccc12)c1ccc(O)cc1,100000.0,inactive
CHEMBL442389,COc1cc(C(=O)N/N=C/c2ccc(C(C)(C)C)cc2)ccc1O,29000.0,inactive
CHEMBL106795,COc1cc(C(=O)N/N=C/c2ccc(OC(F)(F)F)cc2)ccc1O,43000.0,inactive
CHEMBL106577,CCn1c2ccccc2c2cc(/C=N/NC(=O)c3ccc(O)c(OC)c3)ccc21,6300.0,intermediate
CHEMBL107481,O=C(N/N=C/c1ccc(O)c2ccccc12)c1ccc(O)c(CN2CCOCC2)c1,100000.0,inactive
CHEMBL322713,O=C(O)c1ccc(C(=O)N/N=C/c2ccc(O)c3ccccc23)cc1,100000.0,inactive
CHEMBL439961,COc1cc(C(=O)N/N=C/c2[nH]cnc2C)ccc1O,100000.0,inactive
CHEMBL107069,O=C(N/N=C/c1ccc(O)c2ccccc12)c1ccc(O)c(F)c1,390.0,active
CHEMBL107802,COc1cc(C(=O)N/N=C/c2ccc(-c3ccccc3)cc2)ccc1O,26000.0,inactive
CHEMBL107258,COc1cc(C(=O)N/N=C/c2c[nH]c3ccccc23)ccc1O,23000.0,inactive
CHEMBL104735,COc1cc(C(=O)N/N=C/c2ccc(O)c3ccccc23)ccc1O,720.0,active
CHEMBL107526,O=C(N/N=C/c1ccc(O)c2ccccc12)c1ccc(O)cc1,1200.0,intermediate
CHEMBL106134,COc1ccc(/C=N/NC(=O)c2ccc(O)cc2)c2ccccc12,4900.0,intermediate
CHEMBL107484,O=C(N/N=C/c1ccc(O)c2ccccc12)c1ccc2nccnc2c1,100000.0,inactive
CHEMBL430509,COc1cc(C(=O)N/N=C(\C)c2cccc3ccccc23)ccc1O,100000.0,inactive
CHEMBL107070,O=C(N/N=C/c1ccc(O)c2ccccc12)c1ccc(O)c(Cl)c1,200.0,active
CHEMBL107138,COc1cc(C(=O)N/N=C/c2ccc(O)cc2)ccc1O,100000.0,inactive
CHEMBL106058,COc1cc(C(=O)N/N=C/c2ccc(O)c3ccccc23)cc(Cl)c1O,60000.0,inactive
CHEMBL321010,O=C(N/N=C/c1ccc(O)c2ccccc12)c1ccc(O)c(Br)c1,830.0,active
CHEMBL320634,Nc1ccc(C(=O)N/N=C/c2ccc(O)c3ccccc23)cc1,100000.0,inactive
CHEMBL104761,COc1cc(C(=O)N/N=C/c2cccc3ccccc23)ccc1O,4800.0,intermediate
CHEMBL420290,COc1cc(C(=O)N/N=C/c2cccc(Oc3cccc(C(F)(F)F)c3)c2)ccc1O,4900.0,intermediate
CHEMBL104338,COc1cc(C(=O)N/N=C/c2ccc(OC)c3ccccc23)ccc1O,2900.0,intermediate
CHEMBL106738,COc1ccc(/C=N/NC(=O)c2ccc(O)c(OC)c2)cc1O,100000.0,inactive
CHEMBL105565,COc1cc(C(=O)N/N=C/c2ccc(-c3ccc(C)c(Cl)c3)o2)ccc1O,12000.0,inactive
CHEMBL431650,COc1cc(C(=O)N/N=C/c2ccc(/C=C/c3ccccc3)cc2)ccc1O,100000.0,inactive
CHEMBL419364,Nc1cc(C(=O)N/N=C/c2ccc(O)c3ccccc23)ccc1O,2000.0,intermediate
CHEMBL107388,O=C(N/N=C/c1ccc(O)c2ccccc12)c1ccc(O)c(O)c1,3400.0,intermediate
CHEMBL108177,O=C(N/N=C/c1ccc(O)c2ccccc12)c1cc2cc(O)ccc2[nH]1,100000.0,inactive
CHEMBL447535,O=C(N/N=C/c1cccc2ccccc12)c1ccc(O)cc1,1800.0,intermediate
CHEMBL106950,O=C(N/N=C/c1ccc(O)c2ccccc12)c1ccc(O)nc1,100000.0,inactive
CHEMBL106320,COc1cc(C(=O)N/N=C/c2ccc(C(C)C)cc2)ccc1O,43000.0,inactive
CHEMBL419181,COc1ccc(/C=N/NC(=O)c2ccc(O)c(OC)c2)cc1,100000.0,inactive
CHEMBL107527,COc1cccc(C(=O)N/N=C/c2ccc(OC)c3ccccc23)c1,100000.0,inactive
CHEMBL107045,COc1cc(C(=O)N/N=C/c2cnc(O)nc2O)ccc1O,100000.0,inactive
CHEMBL107480,O=C(N/N=C/c1ccc(O)c2ccccc12)c1ccc2[nH]ccc2c1,100000.0,inactive
CHEMBL107795,O=C(N/N=C/c1ccc(O)c2ccccc12)c1ccc(O)cc1O,28000.0,inactive
CHEMBL107473,O=C(N/N=C/c1ccc(O)c2ccccc12)c1cc(Cl)c(O)c(Cl)c1,34000.0,inactive
CHEMBL419729,COc1cc(/C=N/NC(=O)c2cccc3ccccc23)ccc1O,100000.0,inactive
CHEMBL106294,COc1cc(C(=O)N/N=C/c2ccc(N(C)C)c3ccccc23)ccc1O,8100.0,intermediate
CHEMBL84759,Cc1cnccc1-c1[nH]c(-c2ccc(Cl)cc2)nc1-c1ccc(F)cc1,1100.0,intermediate
CHEMBL87588,Fc1ccc(-c2[nH]c(-c3ccc(Br)cc3)nc2-c2ccncc2)cc1,270.0,active
CHEMBL416169,Fc1ccc(-c2[nH]c(-c3ccccc3)nc2-c2ccncc2)cc1,20000.0,inactive
CHEMBL85741,Fc1ccc(-c2[nH]c(-c3ccc(-c4ccccc4)cc3)nc2-c2ccncc2)cc1,10000.0,inactive
CHEMBL17722,COC(=O)c1ccc(-c2nc(-c3ccc(F)cc3)c(-c3ccncc3)[nH]2)cc1,8700.0,intermediate
CHEMBL85807,Clc1ccc(-c2nc(-c3cccc(Oc4ccccc4)c3)c(-c3ccncc3)[nH]2)cc1,13.0,active
CHEMBL316361,CCCOc1ccc(-c2[nH]c(-c3ccc(Cl)cc3)nc2-c2ccncc2)c(OCCC)c1,13.0,active
CHEMBL84840,CCCCc1ccc(-c2[nH]c(-c3ccc(Cl)cc3)nc2-c2ccncc2)cc1,74.0,active
CHEMBL86250,CC(C)c1ccc(-c2nc(-c3ccc(F)cc3)c(-c3ccncc3)[nH]2)cc1,700.0,active
CHEMBL85009,Clc1ccc(-c2nc(-c3ccc(Cl)cc3)c(-c3ccncc3)[nH]2)cc1,190.0,active
CHEMBL17370,CSc1ccc(-c2nc(-c3ccc(F)cc3)c(-c3ccncc3)[nH]2)cc1,490.0,active
CHEMBL85102,Clc1ccc(-c2nc(-c3ccc(-c4ccccc4)cc3)c(-c3ccncc3)[nH]2)cc1,140.0,active
CHEMBL314181,Fc1ccc(-c2[nH]c(-c3ccc(I)cc3)nc2-c2ccncc2)cc1,510.0,active
CHEMBL87611,Clc1ccc(-c2nc(-c3cccc(-c4ccccc4)c3)c(-c3ccncc3)[nH]2)cc1,61.0,active
CHEMBL85534,Fc1ccc(-c2[nH]c(-c3cccc(Br)c3)nc2-c2ccncc2)cc1,1400.0,intermediate
CHEMBL316264,Fc1ccc(-c2nc(-c3ccc(F)cc3)c(-c3ccncc3)[nH]2)cc1,2000.0,intermediate
CHEMBL312825,Fc1ccc(-c2[nH]c(-c3cc(Br)cs3)nc2-c2ccncc2)cc1,2800.0,intermediate
CHEMBL84917,Fc1ccc(-c2[nH]c(-c3ccc(Br)s3)nc2-c2ccncc2)cc1,2200.0,intermediate
CHEMBL315828,CCCCOc1ccccc1-c1[nH]c(-c2ccc(Cl)cc2)nc1-c1ccncc1,8.5,active
CHEMBL17736,Nc1ccc(-c2nc(-c3ccc(F)cc3)c(-c3ccncc3)[nH]2)cc1,2000.0,intermediate
CHEMBL315800,CC(C)(C)c1ccc(-c2[nH]c(-c3ccc(Cl)cc3)nc2-c2ccncc2)cc1,130.0,active
CHEMBL314238,Fc1ccc(-c2[nH]c(-c3ccc(Cl)cc3)nc2-c2ccncc2)cc1,400.0,active
CHEMBL17396,N#Cc1ccc(-c2nc(-c3ccncc3)c(-c3ccc(F)cc3)[nH]2)cc1,8000.0,intermediate
CHEMBL315613,Clc1ccc(-c2nc(-c3ccc(Oc4ccccc4)cc3)c(-c3ccncc3)[nH]2)cc1,27.0,active
CHEMBL86086,CCCCOc1ccc(-c2[nH]c(-c3ccc(Cl)cc3)nc2-c2ccncc2)c(OCCCC)c1,6.5,active
CHEMBL314652,Fc1ccc(-c2[nH]c(-c3cccc4ccccc34)nc2-c2ccncc2)cc1,1500.0,intermediate
CHEMBL276063,COc1ccc(-c2nc(-c3ccc(F)cc3)c(-c3ccncc3)[nH]2)cc1,13000.0,inactive
CHEMBL420232,Cc1ccc(-c2nc(-c3ccc(F)cc3)c(-c3ccncc3)[nH]2)cc1,1300.0,intermediate
CHEMBL315311,Clc1ccc(-c2nc(-c3ccc(I)cc3)c(-c3ccncc3)[nH]2)cc1,130.0,active
CHEMBL314701,Clc1ccc(-c2nc(-c3ccccc3Oc3ccccc3)c(-c3ccncc3)[nH]2)cc1,6.5,active
CHEMBL312928,Brc1ccc(-c2nc(-c3ccccc3)c(-c3ccncc3)[nH]2)cc1,782.0,active
CHEMBL157064,COc1ccc(/C=N/NC(=O)c2ccc(O)c(Cl)c2)c2ccccc12,870.0,active
CHEMBL160419,NC(=O)COc1ccc(/C=N/NC(=O)c2ccc(O)c(Cl)c2)c2ccccc12,1200.0,intermediate
CHEMBL161505,CC(C)(C)c1nc(COc2ccc(/C=N/NC(=O)c3ccc(O)c(Cl)c3)c3ccccc23)no1,160.0,active
CHEMBL160652,CC(C)c1ccc(COc2ccc(/C=N/NC(=O)c3ccc(O)c(Cl)c3)cc2)cc1,1500.0,intermediate
CHEMBL158886,COc1cc(/C=N/NS(=O)(=O)c2ccc(O)c(Cl)c2)cc(OC)c1OCc1ccc(C(C)C)cc1,78300.0,inactive
CHEMBL158330,COc1cc(/C=N/NC(=O)c2ccc(O)c([N+](=O)[O-])c2)cc(OC)c1OCc1ccc(C(C)C)cc1,50.0,active
CHEMBL152765,COc1cc(/C=N/NC(=O)c2ccc(O)c(C#N)c2)cc(OC)c1OCc1ccc(C(C)C)cc1,20.0,active
CHEMBL351724,O=C(N/N=C/c1ccc(OCC2CCCCO2)c2ccccc12)c1ccc(O)c(Cl)c1,140.0,active
CHEMBL153038,CC(C)c1ccc(Cn2ccc3c(/C=N/NC(=O)c4ccc(O)c(Cl)c4)cccc32)cc1,84.0,active
CHEMBL158497,COc1cc(CO/C=N/NC(=O)c2ccc(O)c(C#N)c2)cc(OC)c1C(C)C,20000.0,inactive
CHEMBL161431,COc1cc(/C=N/NC(=O)c2ccc(O)c(Cl)c2)cc(OC)c1OCc1ccc(F)c(F)c1,150.0,active
CHEMBL160291,COc1cc(/C=N/NC(=O)c2ccc(O)c(N)c2)cc(OC)c1OCc1ccc(C(C)C)cc1,940.0,active
CHEMBL161827,COc1cc(CNNC(=O)c2ccc(O)c(Cl)c2)cc(OC)c1OCc1ccc(C(C)C)cc1,880.0,active
CHEMBL161494,COc1cc(CCNC(=O)c2ccc(O)c(Cl)c2)cc(OC)c1OCc1ccc(C(C)C)cc1,1900.0,intermediate
CHEMBL158556,COc1cc(/C=N/NC(=O)c2ccc(O)c(O)c2)cc(OC)c1OCc1ccc(C(C)C)cc1,2700.0,intermediate
CHEMBL160138,COc1cc(/C=N/NC(=O)c2ccc(O)c(Cl)c2)ccc1OCc1ccc(C(C)C)cc1,1300.0,intermediate
CHEMBL444343,COc1cc(/C=N/NC(=O)c2ccc(O)cc2)cc(OC)c1OCc1ccc(C(C)C)cc1,690.0,active
CHEMBL435445,Cc1c(/C=N/NC(=O)c2ccc(O)c(Cl)c2)ccc(OCc2ccc(C(C)C)cc2)c1C,740.0,active
CHEMBL160135,COc1cc(CC/N=C(\N)c2ccc(O)c(Cl)c2)cc(OC)c1OCc1ccc(C(C)C)cc1,5200.0,intermediate
CHEMBL158753,COc1cc(/C=N/NC(=O)c2ccc(O)c(Cl)c2Cl)cc(OC)c1OCc1ccc(C(C)C)cc1,31.0,active
CHEMBL159093,COc1cc(/C=N/NC(=O)c2ccc(O)c(Cl)c2)cc(OC)c1OCc1ccc(OC(F)(F)F)cc1,180.0,active
CHEMBL348702,CC(C)c1ccc(COc2ccc(/C=N/NC(=O)c3ccc(O)c(Cl)c3)c3ccccc23)cc1,53.0,active
CHEMBL347370,COc1cc(/C=N/NC(=O)c2ccc(O)c(Cl)c2)cc(C(=O)O)c1OCc1ccc(C(C)C)cc1,30000.0,inactive
CHEMBL346226,O=C(N/N=C/c1ccc(OCc2ccc(OC(F)(F)F)cc2)c2ccccc12)c1ccc(O)c(Cl)c1,58.0,active
CHEMBL161401,COC(=O)C(Oc1c(OC)cc(/C=N/NC(=O)c2ccc(O)c(Cl)c2)cc1OC)c1ccccc1,690.0,active
CHEMBL159071,COc1cc(/C=N/NC(=O)c2ccc(O)c(F)c2)cc(OC)c1OCc1ccc(C(C)C)cc1,110.0,active
CHEMBL154269,CCN(CC)C(=O)COc1ccc(/C=N/NC(=O)c2ccc(O)c(Cl)c2)c2ccccc12,130.0,active
CHEMBL421833,CC(C)c1ccc(Cn2cc(/C=N/NC(=O)c3ccc(O)c(Cl)c3)c3ccccc32)cc1,390.0,active
CHEMBL160715,Cc1cc(/C=N/NC(=O)c2ccc(O)c(Cl)c2)cc(C)c1OCc1ccc(C(C)C)cc1,330.0,active
CHEMBL161483,COc1cc(/C=N/NC(=O)c2ccc(O)c(F)c2F)cc(OC)c1OCc1ccc(C(C)C)cc1,48.0,active
CHEMBL351333,COc1cc(/C=C/C(=O)Nc2ccc(O)c(Cl)c2)cc(OC)c1OCc1ccc(C(C)C)cc1,6400.0,intermediate
CHEMBL348785,COc1cc(/C=N/NC(=O)c2ccc(O)c(Cl)c2)cc(OC)c1OCc1ccc(C(C)C)cc1,23.0,active
CHEMBL160521,COc1cc(/C(C)=N/NC(=O)c2ccc(O)c(Cl)c2)cc(OC)c1OCc1ccc(C(C)C)cc1,100000.0,inactive
CHEMBL160314,Fc1ccc(-c2cc[nH]c2-c2ccncc2)cc1,3000.0,intermediate
CHEMBL328126,Fc1ccc(-c2cc(-c3ccc(Cl)cc3)[nH]c2-c2ccncc2)cc1,80.0,active
CHEMBL157529,Fc1ccc(-c2cc(-c3ccc(F)cc3)c(-c3ccncc3)[nH]2)cc1,90.0,active
CHEMBL160735,Clc1ccc(-c2cc(C3CCCCC3)c(-c3ccncc3)[nH]2)cc1,100.0,active
CHEMBL347663,CC(C)COc1ccccc1-c1cc(-c2ccc(Cl)cc2)[nH]c1-c1ccncc1,3.0,active
CHEMBL158989,N#Cc1ccc(-c2cc(-c3ccc(F)cc3)c(-c3ccncc3)[nH]2)cc1,140.0,active
CHEMBL160550,Clc1ccc(-c2cc(-c3ccccc3)c(-c3ccncc3)[nH]2)cc1,60.0,active
CHEMBL160289,Cc1ccc(-c2cc(-c3ccc(F)cc3)c(-c3ccncc3)[nH]2)cc1,250.0,active
CHEMBL160490,Clc1ccc(-c2cc(-c3ccc(Cl)cc3)c(-c3ccncc3)[nH]2)cc1,190.0,active
CHEMBL159163,Nc1ccc(-c2cc(-c3ccc(F)cc3)c(-c3ccncc3)[nH]2)cc1,1400.0,intermediate
CHEMBL158535,C=CCOc1ccccc1-c1cc(-c2ccc(Cl)cc2)[nH]c1-c1ccncc1,17.0,active
CHEMBL160638,Fc1ccc(-c2cc(-c3ccc(Cl)cc3Cl)[nH]c2-c2ccncc2)cc1,40.0,active
CHEMBL160401,COc1ccc(-c2cc(-c3ccc(F)cc3)c(-c3ccncc3)[nH]2)cc1,590.0,active
CHEMBL160525,O=[N+]([O-])c1ccc(-c2cc(-c3ccc(F)cc3)c(-c3ccncc3)[nH]2)cc1,360.0,active
CHEMBL155694,COc1ccc(-c2cc(-c3ccc(Cl)cc3)[nH]c2-c2ccncc2)cc1,100.0,active
CHEMBL423781,O=C(O)c1ccc(-c2cc(-c3ccc(F)cc3)c(-c3ccncc3)[nH]2)cc1,3000.0,intermediate
CHEMBL160372,Clc1ccc(-c2ccc(-c3ccncc3)[nH]2)cc1,140.0,active
CHEMBL350237,CC(C)(C)c1ccc(-c2cc(-c3ccc(F)cc3)c(-c3ccncc3)[nH]2)cc1,850.0,active
CHEMBL351104,O=C(OCc1ccccc1)c1cc(-c2ccc(Cl)cc2)[nH]c1-c1ccncc1,60.0,active
CHEMBL436022,Clc1ccc(-c2cc(-c3ccccc3Br)c(-c3ccncc3)[nH]2)cc1,26.0,active
CHEMBL155686,CCCOc1ccc(Cl)cc1-c1cc(-c2ccc(Cl)cc2)[nH]c1-c1ccncc1,6.0,active
CHEMBL160627,Cc1cc(-c2ccc(F)cc2)c(-c2ccncc2)[nH]1,3000.0,intermediate
CHEMBL160238,CCc1ccc(-c2cc(-c3ccc(F)cc3)c(-c3ccncc3)[nH]2)cc1,370.0,active
CHEMBL155687,C[S+]([O-])c1ccc(-c2cc(-c3ccc(F)cc3)c(-c3ccncc3)[nH]2)cc1,1100.0,intermediate
CHEMBL348555,CCCNc1ccccc1-c1cc(-c2ccc(Cl)cc2)[nH]c1-c1ccncc1,20.0,active
CHEMBL158671,Fc1ccc(-c2cc(-c3ccccc3)[nH]c2-c2ccncc2)cc1,390.0,active
CHEMBL345863,CCOC(=O)c1cc(-c2ccc(Cl)cc2)[nH]c1-c1ccncc1,90.0,active
CHEMBL158477,COc1cccc(-c2cc(-c3ccc(Cl)cc3)[nH]c2-c2ccncc2)c1,60.0,active
CHEMBL351772,CCCOc1ccc(Br)cc1-c1cc(-c2ccc(Cl)cc2)[nH]c1-c1ccncc1,7.0,active
CHEMBL156207,CSc1ccc(-c2cc(-c3ccc(F)cc3)c(-c3ccncc3)[nH]2)cc1,290.0,active
CHEMBL156566,O=C(NCc1ccccc1)c1cc(-c2ccc(Cl)cc2)[nH]c1-c1ccncc1,3000.0,intermediate
CHEMBL347462,CCCOc1cccc(OCCC)c1-c1cc(-c2ccc(Cl)cc2)[nH]c1-c1ccncc1,40.0,active
CHEMBL159198,Clc1ccc(-c2cc(-c3ccc(Br)cc3)c(-c3ccncc3)[nH]2)cc1,140.0,active
CHEMBL158676,CCCCOc1ccccc1-c1cc(-c2ccc(Cl)cc2)[nH]c1-c1ccncc1,10.0,active
CHEMBL160287,CCCOc1cc(Br)ccc1-c1cc(-c2ccc(Cl)cc2)[nH]c1-c1ccncc1,4.0,active
CHEMBL350255,Clc1ccc(-c2cc(-c3cccc(Br)c3)c(-c3ccncc3)[nH]2)cc1,150.0,active
CHEMBL345834,CCCCCCOc1ccccc1-c1cc(-c2ccc(Cl)cc2)[nH]c1-c1ccncc1,40.0,active
CHEMBL160380,COc1ccccc1-c1cc(-c2ccc(Cl)cc2)[nH]c1-c1ccncc1,70.0,active
CHEMBL160281,Fc1ccc(-c2cc(-c3cccc(Cl)c3)[nH]c2-c2ccncc2)cc1,40.0,active
CHEMBL158548,CC(C)c1cc(-c2ccc(Cl)cc2)[nH]c1-c1ccncc1,3032.0,intermediate
CHEMBL156961,O=C(O)c1cc(-c2ccc(Cl)cc2)[nH]c1-c1ccncc1,3000.0,intermediate
CHEMBL348401,Fc1ccc(-c2cc(C3CCCCC3)[nH]c2-c2ccncc2)cc1,90.0,active
CHEMBL160690,CCOC(=O)c1ccc(-c2cc(-c3ccc(F)cc3)c(-c3ccncc3)[nH]2)cc1,850.0,active
CHEMBL160561,CC(C)Oc1ccccc1-c1cc(-c2ccc(Cl)cc2)[nH]c1-c1ccncc1,30.0,active
CHEMBL156458,CCCOc1ccccc1-c1cc(-c2ccc(Cl)cc2)[nH]c1-c1ccncc1,8.0,active
CHEMBL346698,CCOc1ccccc1-c1cc(-c2ccc(Cl)cc2)[nH]c1-c1ccncc1,40.0,active
CHEMBL2112329,NC(=O)[C@H](Cc1ccccc1)NCc1ccc(/C=N/NC(=O)c2ccc(O)c(Cl)c2)c2ccccc12,61.8,active
CHEMBL2112909,O=C(N/N=C/c1ccc(CS(=O)(=O)C2CCCC2)c2ccccc12)c1ccc(O)c(Cl)c1,221.0,active
CHEMBL152464,O=C(N/N=C/c1ccc(C(=O)NCCc2ccc(Cl)cc2)c2ccccc12)c1ccc(O)c(Cl)c1,5.9,active
CHEMBL155021,CC(C)S(=O)(=O)c1ccc(/C=N/NC(=O)c2ccc(O)c(Cl)c2)c2ccccc12,357.0,active
CHEMBL154485,COc1cc(NC(=O)Cc2cccc(C(F)(F)F)c2)ccc1/C=N/NC(=O)c1ccc(O)c(C#N)c1,47.8,active
CHEMBL158295,CC1CCCCN1C(=O)Cc1ccc(/C=N/NC(=O)c2ccc(O)c(C#N)c2)c2ccccc12,11.6,active
CHEMBL154498,CN(C)CCN(C)C(=O)Cc1ccc(/C=N/NC(=O)c2ccc(O)c(Cl)c2)c2ccccc12,441.0,active
CHEMBL153157,Cc1cc(C)c(C)c(Cn2ccc3c(/C=N/NC(=O)c4ccc(O)c(Cl)c4)cccc32)c1C,5.3,active
CHEMBL2112906,O=C(N/N=C/c1ccc(CS(=O)(=O)Cc2ccc(OC(F)(F)F)cc2)c2ccccc12)c1ccc(O)c(Cl)c1,6.9,active
CHEMBL156904,O=C(N/N=C/c1ccc(CC(=O)N2CCN(Cc3ccccc3)CC2)c2ccccc12)c1ccc(O)c(Cl)c1,9.2,active
CHEMBL154437,O=C(N/N=C/c1ccc2c(ccn2Cc2ccc(OC(F)(F)F)cc2)c1)c1ccc(O)c(Cl)c1,286.0,active
CHEMBL154400,CCC1CCCCN1C(=O)Cc1ccc(/C=N/NC(=O)c2ccc(O)c(Cl)c2)c2ccccc12,7.4,active
CHEMBL359126,O=C(N/N=C/c1cccc2c1ccn2Cc1ccc(Cl)c(Cl)c1)c1ccc(O)c(Cl)c1,27.5,active
CHEMBL2111565,O=C(N/N=C/c1cccc2c(OCc3ccc(OC(F)(F)F)cc3)cccc12)c1ccc(O)c(Cl)c1,12.9,active
CHEMBL422506,CCN(CC)C(=O)Cc1ccc(/C=N/NC(=O)c2ccc(O)c(Cl)c2)c2ccccc12,22.6,active
CHEMBL153641,O=C(N/N=C/c1ccc(CC(=O)N2CCN(c3ccccc3F)CC2)c2ccccc12)c1ccc(O)c(Cl)c1,7.9,active
CHEMBL421795,COc1cc(OCCN2CCc3ccccc3C2)ccc1/C=N/NC(=O)c1ccc(O)c(Cl)c1,120.0,active
CHEMBL157913,CCN(CC)C(=O)Cn1ccc2c(/C=N/NC(=O)c3ccc(O)c(Cl)c3)cccc21,2540.0,intermediate
CHEMBL152207,O=C(N/N=C/c1ccc(OCC(=O)N2CC=C(c3ccc(Br)cc3)CC2)c2ccccc12)c1ccc(O)c(Cl)c1,6.6,active
CHEMBL421809,CN(C)CCN(Cc1ccccc1)C(=O)Cc1ccc(/C=N/NC(=O)c2ccc(O)c(Cl)c2)c2ccccc12,6.2,active
CHEMBL156837,O=C(N/N=C/c1ccc(NC(=O)C2CCCC2)c2ccccc12)c1ccc(O)c(Cl)c1,38.8,active
CHEMBL157000,COc1cc(NC(=O)Cc2ccc(Cl)cc2)ccc1/C=N/NC(=O)c1ccc(O)c(C#N)c1,28.7,active
CHEMBL347922,O=C(N/N=C/c1cn(Cc2ccccc2)c2ccccc12)c1ccc(O)c(Cl)c1,615.0,active
CHEMBL345713,N#Cc1cc(C(=O)N/N=C/c2cccc3c2ccn3Cc2ccc(C(F)(F)F)cc2)ccc1O,22.3,active
CHEMBL154514,O=C(N/N=C/c1ccc(CO)c2ccccc12)c1ccc(O)c(Cl)c1Cl,53.8,active
CHEMBL152409,O=C(N/N=C/c1ccc(OCCNCCc2ccc(Br)cc2)c2ccccc12)c1ccc(O)c(Cl)c1,19.7,active
CHEMBL154316,O=C(N/N=C/c1ccc(OCC(=O)N2CCC(O)(c3ccc(Br)cc3)CC2)c2ccccc12)c1ccc(O)c(Cl)c1,11.4,active
CHEMBL352005,CC(C)(C)C(=O)Nc1ccc(/C=N/NC(=O)c2ccc(O)c(Cl)c2)c2ccccc12,33.0,active
CHEMBL152477,N#Cc1cc(C(=O)N/N=C/c2ccc(N(C(=O)C3CCCC3)C(=O)C3CCCC3)c3ccccc23)ccc1O,2.8,active
CHEMBL346694,COc1cc(NC(=O)CSc2ccc(OC(F)(F)F)cc2)ccc1/C=N/NC(=O)c1ccc(O)c(Cl)c1,14.5,active
CHEMBL156666,O=C(N/N=C/c1cccc2c1ccn2Cc1ccc(C(F)(F)F)cc1)c1ccc(O)c(Cl)c1,33.8,active
CHEMBL152640,Cc1cc(C)c(C)c(Cn2ccc3c(/C=N/NC(=O)c4ccc(O)c(C#N)c4)cccc32)c1C,2.3,active
CHEMBL153905,O=C(N/N=C/c1ccc(CO)c2ccccc12)c1ccc(O)c(F)c1,29.4,active
CHEMBL156654,O=C(N/N=C/c1cccc2c(CO)cccc12)c1ccc(O)c(Cl)c1,200.0,active
CHEMBL157226,COc1cc(OCCNCc2ccc(C(F)(F)F)cc2)ccc1/C=N/NC(=O)c1ccc(O)c(Cl)c1,133.0,active
CHEMBL156777,COc1cc(/C=N/NC(=O)c2ccc(O)c(Cl)c2)cc(Cl)c1OCCN1CCc2ccccc2C1,485.0,active
CHEMBL346464,O=C(N/N=C/c1ccc(CC(=O)N2CCN(c3ccc(F)cc3)CC2)c2ccccc12)c1ccc(O)c(Cl)c1,12.3,active
CHEMBL2112908,N#Cc1cc(C(=O)N/N=C/c2cn(C(=O)CC3CCCC3)c3ccccc23)ccc1O,6.4,active
CHEMBL2112907,CN(C)c1ccc(C(=O)n2cc(/C=N/NC(=O)c3ccc(O)c(C#N)c3)c3ccccc32)cc1,19.1,active
CHEMBL152348,COc1cc(/C=N/NC(=O)c2ccc(O)c(Cl)c2)ccc1NC(=O)Cc1csc2ccccc12,63.2,active
CHEMBL152579,O=C(N/N=C/c1ccc(CN2CCN(Cc3ccc(Cl)cc3)CC2)c2ccccc12)c1ccc(O)c(Cl)c1,96.7,active
CHEMBL2111262,NC(=O)[C@@H](Cc1ccccc1)Nc1ccc(/C=N/NC(=O)c2ccc(O)c(Cl)c2)c2ccccc12,7.4,active
CHEMBL156772,O=C(N/N=C/c1ccc(OCC(=O)N2CCc3ccccc3C2)c2ccccc12)c1ccc(O)c(Cl)c1,13.8,active
CHEMBL154149,N#Cc1cc(C(=O)N/N=C/c2ccc(C(=O)N3CCN(Cc4ccc(Cl)cc4)CC3)c3ccccc23)ccc1O,4.9,active
CHEMBL413964,COc1cc(NC(=O)CCc2ccc(C(F)(F)F)cc2)ccc1/C=N/NC(=O)c1ccc(O)c(C#N)c1,15.7,active
CHEMBL153438,O=C(N/N=C/c1ccc(CO)c2ccccc12)c1ccc(O)c(Cl)c1,41.1,active
CHEMBL2112041,COCc1ccc(/C=N/NC(=O)c2ccc(O)c(Cl)c2)c2ccccc12,75.5,active
CHEMBL2111214,COc1cc(NC(=O)CCc2ccc(C(F)(F)F)cc2)ccc1/C=N/NC(=O)c1ccc(O)c(Cl)c1.O,21.2,active
CHEMBL346801,O=C(N/N=C/c1ccc(OCCNCc2ccc(OC(F)(F)F)cc2)c2ccccc12)c1ccc(O)c(Cl)c1,27.7,active
CHEMBL154505,O=C(N/N=C/c1ccc(OCCNCc2ccccc2OC(F)(F)F)c2ccccc12)c1ccc(O)c(Cl)c1,54.3,active
CHEMBL157380,O=C(N/N=C/c1ccc(NCc2ccc(Cl)cc2)c2ccccc12)c1ccc(O)c(Cl)c1,8.3,active
CHEMBL349552,O=C(N/N=C/c1cccc2c1ccn2Cc1ccc(OC(F)(F)F)cc1)c1ccc(O)c(Cl)c1,22.9,active
CHEMBL153950,O=C(N/N=C/c1ccc(OCCNCc2ccc(Cl)c(Cl)c2)c2ccccc12)c1ccc(O)c(Cl)c1,14.7,active
CHEMBL152747,O=C(COc1ccc(/C=N/NC(=O)c2ccc(O)c(Cl)c2)c2ccccc12)Nc1ccc(Cl)cc1,51.7,active
CHEMBL152103,COc1cc(NC(=O)CCc2ccc(C(F)(F)F)cc2)ccc1/C=N/NC(=O)c1ccc(O)c(Cl)c1,33.5,active
CHEMBL345589,N#Cc1cc(C(=O)N/N=C/c2ccc(CO)c3ccccc23)ccc1O,29.8,active
CHEMBL152691,N#Cc1cc(C(=O)N/N=C/c2ccc(OCC(=O)N3CC=C(c4ccc(Br)cc4)CC3)c3ccccc23)ccc1O,6.1,active
CHEMBL154159,O=C(N/N=C/c1ccc(CC(=O)N2CCN(Cc3ccc(Cl)cc3)CC2)c2ccccc12)c1ccc(O)c(Cl)c1,4.6,active
CHEMBL153879,CN(C)CCN(Cc1ccccc1)C(=O)Cc1ccc(/C=N/NC(=O)c2ccc(O)c(C#N)c2)c2ccccc12,10.4,active
CHEMBL2112904,CC(C)S(=O)(=O)Cc1ccc(/C=N/NC(=O)c2ccc(O)c(C#N)c2)c2ccccc12,163.0,active
CHEMBL157280,CCN(CC)C(=O)Cc1ccc(/C=N/NC(=O)c2ccc(O)c(C#N)c2)c2ccccc12,16.5,active
CHEMBL152184,O=C(N/N=C/c1ccc(C(=O)N2CCN(Cc3ccc(Cl)cc3)CC2)c2ccccc12)c1ccc(O)c(Cl)c1,11.3,active
CHEMBL156724,O=C(N/N=C/c1ccc(N(C(=O)C2CCCC2)C(=O)C2CCCC2)c2ccccc12)c1ccc(O)c(Cl)c1,3.4,active
CHEMBL152293,Cc1cc(C)c(Cn2ccc3c(/C=N/NC(=O)c4ccc(O)c(Cl)c4)cccc32)c(C)c1,5.8,active
CHEMBL155065,CC1CCCCN1C(=O)Cc1ccc(/C=N/NC(=O)c2ccc(O)c(Cl)c2)c2ccccc12,8.3,active
CHEMBL153838,O=C(COc1ccc(/C=N/NC(=O)c2ccc(O)c(Cl)c2)c2ccccc12)NC1CCN(Cc2ccccc2)C1,89.3,active
CHEMBL154460,CCN(CC)C(=O)c1ccc(/C=N/NC(=O)c2ccc(O)c(Cl)c2)c2ccccc12,35.4,active
CHEMBL154125,COc1ccc2oc(C(=O)Nc3ccc(/C=N/NC(=O)c4ccc(O)c(Cl)c4)c(OC)c3)cc2c1,90.6,active
CHEMBL155449,CN1CCN(C(=O)Cc2ccc(/C=N/NC(=O)c3ccc(O)c(Cl)c3)c3ccccc23)CC1,268.0,active
CHEMBL152537,O=C(N/N=C/c1cn(Cc2ccc(OC(F)F)cc2)c2ccccc12)c1ccc(O)c(Cl)c1,305.0,active
CHEMBL152461,CC(C)CS(=O)(=O)c1ccc(/C=N/NC(=O)c2ccc(O)c(Cl)c2)c2ccccc12,181.0,active
CHEMBL156828,COc1cc(/C=N/NC(=O)c2ccc(O)c(Cl)c2)ccc1NC(=O)COc1ccc(OC(F)(F)F)cc1,73.0,active
CHEMBL439289,CN[C@@H](Cc1c[nH]cn1)C(=O)N[C@@H](CO)C(=O)N[C@@H](CCC(N)=O)C(=O)NCC(=O)N[C@H](C(=O)N[C@@H](Cc1ccccc1)C(=O)N[C@H](C(=O)N[C@@H](CO)C(=O)N[C@@H](CCC(=O)O)C(=O)N[C@@H](Cc1ccc(O)cc1)C(=O)N[C@@H](CO)C(=O)N[C@@H](CCCCN)C(=O)N[C@@H](Cc1ccc(O)cc1)C(=O)N[C@@H](CC(C)C)C(=O)N[C@@H](CC(=O)O)C(=O)N[C@@H](CO)C(=O)N[C@@H](CCCN=C(N)N)C(=O)N[C@@H](CCCN=C(N)N)C(=O)N[C@@H](C)C(=O)N[C@@H](CCC(N)=O)C(=O)N[C@@H](CC(=O)O)C(=O)N[C@@H](Cc1ccccc1)C(=O)N[C@H](C(=O)N[C@@H](CCC(N)=O)C(=O)N[C@@H](Cc1c[nH]c2ccccc12)C(=O)N[C@@H](CC(C)C)C(=O)N[C@@H](CCSC)C(=O)N[C@@H](CC(N)=O)C(=O)N[C@H](C(N)=O)[C@@H](C)O)C(C)C)[C@@H](C)O)[C@@H](C)O,18.0,active
CHEMBL179281,CCC(CC)C(=O)Nc1sc2c(c1C#N)CCC(C(C)(C)CC)C2,181.0,active
CHEMBL178239,CCC(C)(C)C1CCc2c(sc(NC(=O)c3ccc(Br)cc3)c2C#N)C1,20000.0,inactive
CHEMBL362169,CCC(CC)C(=O)Nc1sc2c(c1C(N)=O)CCC(C(C)(C)CC)C2,870.0,active
CHEMBL181669,CCC(CC)C(=O)Nc1sc2c(c1C#N)CCC(N(C)Cc1ccccc1)C2,3820.0,intermediate
CHEMBL182148,CCC(CC)C(=O)Nc1sc2c(c1C#N)CCC(N(C)C1CCCc3ccccc31)C2,139.0,active
CHEMBL179181,CCC(CC)C(=O)Nc1sc2c(c1C#N)CCC(N(C)Cc1ccc(Cl)cc1Cl)C2,92.0,active
CHEMBL178768,CCC(CC)C(=O)Nc1sc2c(c1C#N)CCC(N(Cc1ccc(Cl)cc1Cl)C(C)C)C2,129.0,active
CHEMBL362657,CCC(CC)C(=O)Nc1sc(C(=O)N(Cc2ccc(Cl)cc2Cl)C(C)C)c(C)c1C#N,153.0,active
CHEMBL178302,CCC(CC)C(=O)Nc1sc(-c2nnc(CC(C)C)o2)c(C)c1C#N,3210.0,intermediate
CHEMBL2112991,CCC(CC)C(=O)Nc1sc(-c2nc(CC(C)C)no2)c(C)c1C#N,368.0,active
CHEMBL2112992,CCC(CC)C(=O)Nc1sc(-c2nc(Cc3ccc(Cl)cc3Cl)no2)c(C)c1C#N,89.0,active
CHEMBL198736,CC(C)(C)C1CCC(N(Cc2ccc(C(=O)NCCC(=O)O)cc2)C(=O)Nc2ccc(OC(F)(F)F)cc2)CC1,21.0,active
CHEMBL196800,CC(C)(C)C1CCC(N(Cc2ccc(C(=O)Nc3nn[nH]n3)cc2)C(=O)Nc2ccc(OC(F)(F)F)cc2)CC1,3.2,active
CHEMBL426295,CC(C)(C)C1CCC2(CC1)CN(c1ccc(OC(F)(F)F)cc1)C(=O)N2Cc1ccc(C(=O)NCCC(=O)O)cc1,336.0,active
CHEMBL197851,CC(C)(C)C1CCC2(CC1)CN(c1ccc(OC(F)(F)F)cc1)C(=O)N2Cc1ccc(C(=O)Nc2nn[nH]n2)cc1,105.0,active
CHEMBL197718,CC(C)(C)C1CCC2(CC1)C(=O)N(c1ccc(OC(F)(F)F)cc1)C(=O)N2Cc1ccc(C(=O)NCCC(=O)O)cc1,856.0,active
CHEMBL198144,CC(C)(C)C1CCC2(CC1)C(=O)N(c1ccc(OC(F)(F)F)cc1)C(=O)N2Cc1ccc(C(=O)Nc2nn[nH]n2)cc1,631.0,active
CHEMBL373234,CC(C)(C)C1CCC2(CC1)CCN(c1ccc(OC(F)(F)F)cc1)C(=O)N2Cc1ccc(C(=O)NCCC(=O)O)cc1,182.0,active
CHEMBL198387,CC(C)(C)C1CCC2(CC1)CCN(c1ccc(OC(F)(F)F)cc1)C(=O)N2Cc1ccc(C(=O)Nc2nn[nH]n2)cc1,34.0,active
CHEMBL197754,CC(C)(C)C1CCC2(CC1)CC(=O)N(c1ccc(OC(F)(F)F)cc1)C(=O)N2Cc1ccc(C(=O)NCCC(=O)O)cc1,1691.0,intermediate
CHEMBL383350,CC(C)(C)C1CCC2(CC1)CC(=O)N(c1ccc(OC(F)(F)F)cc1)C(=O)N2Cc1ccc(C(=O)Nc2nn[nH]n2)cc1,1965.0,intermediate
CHEMBL2113103,CC(C)(C)C1CCC2(CC1)CCN(c1ccc(OC(F)(F)F)cc1)C(=O)N2Cc1ccc(C(=O)NC[C@@H](O)C(=O)O)cc1,303.0,active
CHEMBL371235,CC(C)(C)C1CCC2(CC1)CCN(c1ccc(OC(F)(F)F)cc1)C(=O)N2Cc1ccc(C(=O)NCc2nn[nH]n2)cc1,92.0,active
CHEMBL196193,CC(C)(C)C1CCC2(CC1)CN(c1ccccc1)C(=O)N2Cc1ccc(C(=O)Nc2nn[nH]n2)cc1,894.0,active
CHEMBL370847,CC(C)(C)C1CCC2(CC1)CN(C1CCCCC1)C(=O)N2Cc1ccc(C(=O)Nc2nn[nH]n2)cc1,700.0,active
CHEMBL194794,CC(C)(C)C1CCC2(CC1)CN(C(C)(C)C)C(=O)N2Cc1ccc(C(=O)Nc2nn[nH]n2)cc1,1663.0,intermediate
CHEMBL198259,CC(C)N1CC2(CCC(C(C)(C)C)CC2)N(Cc2ccc(C(=O)Nc3nn[nH]n3)cc2)C1=O,2556.0,intermediate
CHEMBL197642,CC(C)(C)C1CCC2(CC1)CN(c1ccccc1Cl)C(=O)N2Cc1ccc(C(=O)Nc2nn[nH]n2)cc1,739.0,active
CHEMBL371476,CC(C)(C)C1CCC2(CC1)CN(c1cccc(Cl)c1)C(=O)N2Cc1ccc(C(=O)Nc2nn[nH]n2)cc1,94.0,active
CHEMBL198094,CC(C)(C)C1CCC2(CC1)CN(c1cccc(Cl)c1)C(=O)N2Cc1ccc(C(=O)NCCC(=O)O)cc1,351.0,active
CHEMBL380771,CC(C)(C)C1CCC2(CC1)CN(c1ccc(Cl)cc1)C(=O)N2Cc1ccc(C(=O)Nc2nn[nH]n2)cc1,116.0,active
CHEMBL372784,CC(C)(C)C1CCC2(CC1)CN(c1ccc(Cl)cc1Cl)C(=O)N2Cc1ccc(C(=O)Nc2nn[nH]n2)cc1,286.0,active
CHEMBL425024,CC(C)(C)C1CCC2(CC1)CN(c1cc(Cl)cc(Cl)c1)C(=O)N2Cc1ccc(C(=O)Nc2nn[nH]n2)cc1,36.0,active
CHEMBL199013,CC(C)(C)C1CCC2(CC1)CN(c1cc(Cl)cc(Cl)c1)C(=O)N2Cc1ccc(C(=O)NCCC(=O)O)cc1,43.0,active
CHEMBL197340,CC(C)(C)C1CCC2(CC1)CN(c1ccc(F)cc1)C(=O)N2Cc1ccc(C(=O)Nc2nn[nH]n2)cc1,178.0,active
CHEMBL197850,CC(C)(C)C1CCC2(CC1)CN(c1ccc(C(F)(F)F)cc1)C(=O)N2Cc1ccc(C(=O)Nc2nn[nH]n2)cc1,135.0,active
CHEMBL364288,Cc1ccc(N2CC3(CCC(C(C)(C)C)CC3)N(Cc3ccc(C(=O)Nc4nn[nH]n4)cc3)C2=O)cc1,427.0,active
CHEMBL198214,CC(C)(C)C1CCC2(CC1)CN(c1ccc(Br)cc1)C(=O)N2Cc1ccc(C(=O)Nc2nn[nH]n2)cc1,156.0,active
CHEMBL196844,CC(c1ccc(Br)cc1)N1CC2(CCC(C(C)(C)C)CC2)N(Cc2ccc(C(=O)Nc3nn[nH]n3)cc2)C1=O,30.0,active
CHEMBL383370,CC(C)(C)C1CCC2(CC1)CN(c1ccc(S(C)(=O)=O)cc1)C(=O)N2Cc1ccc(C(=O)Nc2nn[nH]n2)cc1,407.0,active
CHEMBL383135,CC(C)(C)C1CCC2(CC1)CN(c1cccc(OC(F)(F)F)c1)C(=O)N2Cc1ccc(C(=O)Nc2nn[nH]n2)cc1,33.0,active
CHEMBL196560,CC(C)(C)C1CCC2(CC1)CN(c1cccc(OC(F)(F)F)c1)C(=O)N2Cc1ccc(C(=O)NCCC(=O)O)cc1,60.0,active
CHEMBL371259,CC(C)(C)C1CCC2(CC1)CN(c1ccc(F)c(F)c1)C(=O)N2Cc1ccc(C(=O)Nc2nn[nH]n2)cc1,65.0,active
CHEMBL208053,O=C(c1ccc(OCCN2CCCC2)cc1)c1cccc2ccccc12,55000.0,inactive
CHEMBL379600,COc1ccc(NCCCOc2ccc(C(=O)c3cccc4ccccc34)cc2)cc1,35000.0,inactive
CHEMBL380387,O=C(c1ccc(OCCCN2CCCC2)cc1)c1cccc2ccccc12,17000.0,inactive
CHEMBL376322,CC(C)(C)C1CCC(N(Cc2ccc(C(=O)NCC(=O)NO)cc2)C(=O)Nc2ccc(OC(F)(F)F)cc2)CC1,2960.0,intermediate
CHEMBL217901,O=C(O)CCNC(=O)c1ccc(CN(C(=O)c2csc3ccc(Cl)cc23)C(c2ccccc2)c2ccccc2)cc1,116.0,active
CHEMBL266456,CC(C)(CC(=O)O)NC(=O)c1ccc(CN(C(=O)Nc2ccc(OC(F)(F)F)cc2)C2CCC(C(C)(C)C)CC2)cc1,10000.0,inactive
CHEMBL219743,CC(C)(C)C1CCC(N(Cc2ccc(C(=O)NCCC(N)=O)cc2)C(=O)Nc2ccc(OC(F)(F)F)cc2)CC1,10000.0,inactive
CHEMBL219197,CC(C)(C)C1CCC(N(Cc2ccc(C(=O)NCCCC(=O)O)cc2)C(=O)Nc2ccc(OC(F)(F)F)cc2)CC1,10000.0,inactive
CHEMBL219450,COCCCNC(=O)c1ccc(CN(C(=O)Nc2ccc(OC(F)(F)F)cc2)C2CCC(C(C)(C)C)CC2)cc1,10000.0,inactive
CHEMBL218304,COC1CCC(N(Cc2ccc(C(=O)NCCC(=O)O)cc2)C(=O)Nc2ccc(OC(F)(F)F)cc2)CC1,10000.0,inactive
CHEMBL385755,O=C(O)CCNC(=O)c1ccc(CN(C(=O)Nc2ccc(OC(F)(F)F)cc2)C2CCC(C(=O)O)CC2)cc1,10000.0,inactive
CHEMBL219814,CNC(=O)C1CCC(N(Cc2ccc(C(=O)NCCC(=O)O)cc2)C(=O)Nc2ccc(OC(F)(F)F)cc2)CC1,10000.0,inactive
CHEMBL376891,O=C(O)CCNC(=O)c1ccc(CN(C(=O)Nc2ccc(OC(F)(F)F)cc2)C2CCC(C(=O)NCC3CC3)CC2)cc1,10000.0,inactive
CHEMBL219191,CC(C)(C)C1CCC(N(Cc2ccc(C(=O)NCC(=O)O)cc2)C(=O)Nc2ccc(OC(F)(F)F)cc2)CC1,1700.0,intermediate
CHEMBL386030,CC(C)(C)C1CCC(N(Cc2ccc(C(=O)N3CCCC(C(=O)O)C3)cc2)C(=O)Nc2ccc(OC(F)(F)F)cc2)CC1,1000.0,active
CHEMBL386446,O=C(O)CCNC(=O)c1ccc(CN(C(=O)Nc2cc(Cl)cc(Cl)c2)c2ccc(C3=CCCCC3)cc2)cc1,27.0,active
CHEMBL385528,O=C(O)CCNC(=O)c1ccc(CN(C(=O)Nc2ccc(OC(F)(F)F)cc2)c2ccc(C3CCCCC3)cc2)cc1,61.0,active
CHEMBL219446,CCCCc1ccc(NC(=O)N(Cc2ccc(C(=O)NCCC(=O)O)cc2)C2Cc3ccccc3C2)cc1,179.0,active
CHEMBL219010,O=C(O)CCNC(=O)c1ccc(CN(C(=O)Nc2ccc(SC(F)(F)F)cc2)C2Cc3ccccc3C2)cc1,262.0,active
CHEMBL219968,O=C(O)CCNC(=O)c1ccc(CN(C(=O)Nc2cccc([N+](=O)[O-])c2)c2ccc(C3CCCCC3)cc2)cc1,167.0,active
CHEMBL220184,O=C(O)CCNC(=O)c1ccc(CN(C(=O)Nc2ccc(OC(F)(F)F)cc2)C2CCC(=C3CC3)CC2)cc1,571.0,active
CHEMBL218740,CCCC1(CCC)CCC(N(Cc2ccc(C(=O)NCCC(=O)O)cc2)C(=O)Nc2ccc(OC(F)(F)F)cc2)CC1,137.0,active
CHEMBL219384,CC(C)(C)c1ccc(N(Cc2ccc(C(=O)NCCC(=O)O)cc2)C(=O)Nc2ccc(OC(F)(F)F)cc2)cc1,96.0,active
CHEMBL375000,O=C(O)CCNC(=O)c1ccc(CN(C(=O)Nc2ccc(OC(F)(F)F)cc2)C2CCC3(CC2)OCCO3)cc1,1207.0,intermediate
CHEMBL218833,O=C(O)CCNC(=O)c1ccc(CN(C(=O)Nc2ccc(OC(F)(F)F)cc2)C2CCC(Oc3ccccc3)CC2)cc1,528.0,active
CHEMBL373542,CCCC1CCC(N(Cc2ccc(C(=O)NCCC(=O)O)cc2)C(=O)Nc2ccc(OC(F)(F)F)cc2)CC1,122.0,active
CHEMBL218838,CC(C)C1CCC(N(Cc2ccc(C(=O)NCCC(=O)O)cc2)C(=O)Nc2ccc(OC(F)(F)F)cc2)CC1,59.0,active
CHEMBL2113259,O=C(O)CCNC(=O)c1ccc(CN(C(=O)Nc2ccc(OC(F)(F)F)cc2)C2CCN(C(=O)C3CC3)CC2)cc1,1984.0,intermediate
CHEMBL266715,CCN(CC)C(=O)C1CCC(N(Cc2ccc(C(=O)NCCC(=O)O)cc2)C(=O)Nc2ccc(OC(F)(F)F)cc2)CC1,782.0,active
CHEMBL219308,CCCCC(CC)N(Cc1ccc(C(=O)NCCC(=O)O)cc1)C(=O)Nc1ccc(OC(F)(F)F)cc1,141.0,active
CHEMBL374022,CC(C)(C)[C@H]1CC[C@H](N(Cc2ccc(C(=O)NCCC(=O)O)cc2)C(=O)Nc2cc(Cl)cc(Cl)c2)CC1,80.0,active
CHEMBL373824,CC(C)(C)[C@H]1CC[C@H](N(Cc2ccc(C(=O)NCCC(=O)O)cc2)C(=O)Nc2ccc(OC(F)(F)F)cc2C#N)CC1,56.0,active
CHEMBL219138,CC(C)(C)[C@H]1CC[C@H](N(Cc2ccc(C(=O)NCCC(=O)O)cc2)C(=O)Nc2ccc(OCC3CC3)cc2C(F)(F)F)CC1,182.0,active
CHEMBL374994,CC(C)(C)[C@H]1CC[C@H](N(Cc2ccc(C(=O)NCCC(=O)O)cc2)C(=O)Nc2ccccc2)CC1,1088.0,intermediate
CHEMBL219252,CC(C)(C)[C@H]1CC[C@H](N(Cc2ccc(C(=O)NCCC(=O)O)cc2)C(=O)Nc2ccc(OC(F)(F)F)cc2Br)CC1,153.0,active
CHEMBL218871,CC(C)(C)[C@H]1CC[C@H](N(Cc2ccc(C(=O)NCCC(=O)O)cc2)C(=O)Nc2ccc(C#N)cc2OC(F)(F)F)CC1,215.0,active
CHEMBL373541,CC(C)(C)[C@H]1CC[C@H](N(Cc2ccc(C(=O)NCCC(=O)O)cc2)C(=O)Nc2ccc(OCC3CC3)cc2)CC1,140.0,active
CHEMBL441160,CCN(CC)C(=O)c1ccc(NC(=O)N(Cc2ccc(C(=O)NCCC(=O)O)cc2)[C@H]2CC[C@H](C(C)(C)C)CC2)cc1,2429.0,intermediate
CHEMBL375167,CC(C)(C)[C@H]1CC[C@H](N(Cc2ccc(C(=O)NCCC(=O)O)cc2)C(=O)Nc2cc(C(F)(F)F)cc(C(F)(F)F)c2)CC1,56.0,active
CHEMBL219030,CC(C)c1ccc(NC(=O)N(Cc2ccc(C(=O)NCCC(=O)O)cc2)[C@H]2CC[C@H](C(C)(C)C)CC2)cc1,35.0,active
CHEMBL219307,CC(C)(C)[C@H]1CC[C@H](N(Cc2ccc(C(=O)NCCC(=O)O)cc2)C(=O)Nc2ccc(Cl)c(Cl)c2)CC1,226.0,active
CHEMBL374293,CC(C)(C)[C@H]1CC[C@H](N(Cc2ccc(C(=O)NCCC(=O)O)cc2)C(=O)Nc2ccc(C#N)cc2)CC1,1045.0,intermediate
CHEMBL219244,CC(C)(C)[C@H]1CC[C@@H](N(Cc2ccc(C(=O)NCCC(=O)O)cc2)C(=O)Nc2ccc(OC(F)(F)F)cc2)CC1,47.0,active
CHEMBL62444,CC(C)(C)[C@H]1CC[C@H](N(Cc2ccc(C(=O)NCCC(=O)O)cc2)C(=O)Nc2ccc(OC(F)(F)F)cc2)CC1,55.0,active
CHEMBL219882,O=C(O)CCNC(=O)c1ccc(CN(CCC(c2ccccc2)c2ccccc2)C(=O)c2ccc(Cl)nc2)cc1,7000.0,intermediate
CHEMBL234087,CC(C)(C)[C@H]1CC[C@H](N(C(=O)Nc2ccc(OC(F)(F)F)cc2)C2CCc3cc(C(=O)NCCC(=O)O)ccc32)CC1,4.1,active
CHEMBL411832,CC(C)(C)[C@H]1CC[C@H](N(C(=O)Nc2ccc(OC(F)(F)F)cc2)C2CCOc3cc(C(=O)Nc4nn[nH]n4)ccc32)CC1,76.0,active
CHEMBL395759,CC(C)(C)[C@H]1CC[C@H](N(C(=O)Nc2ccc(OC(F)(F)F)cc2)C2CCOc3cc(C(=O)NCCC(=O)O)ccc32)CC1,218.0,active
CHEMBL411831,CC(C)(C)[C@H]1CC[C@H](N(C(=O)Nc2ccc(OC(F)(F)F)cc2)C2CCCc3cc(C(=O)Nc4nn[nH]n4)ccc32)CC1,148.0,active
CHEMBL232241,CC(C)(C)[C@H]1CC[C@H](N(C(=O)Nc2ccc(OC(F)(F)F)cc2)C2CCCc3cc(C(=O)NCCC(=O)O)ccc32)CC1,340.0,active
CHEMBL232239,CC(C)(C)[C@H]1CC[C@@H](N(C(=O)Nc2ccc(OC(F)(F)F)cc2)C2CCc3cc(C(=O)Nc4nn[nH]n4)ccc32)CC1,216.0,active
CHEMBL398180,CC(C)(C)[C@H]1CC[C@@H](N(C(=O)Nc2ccc(OC(F)(F)F)cc2)C2CCc3cc(C(=O)NCCC(=O)O)ccc32)CC1,3384.0,intermediate
CHEMBL396215,CC(C)(C)[C@H]1CC[C@H](N(C(=O)Nc2ccc(OC(F)(F)F)cc2)C2CCc3cc(C(=O)Nc4nn[nH]n4)ccc32)CC1,359.0,active
CHEMBL407028,CC(C)(C)[C@H]1CC[C@H](N(C(=O)Nc2cc(C(F)(F)F)cc(C(F)(F)F)c2)C2CCc3cc(C(=O)Nc4nn[nH]n4)ccc32)CC1,7.6,active
CHEMBL411833,CC(C)(C)[C@H]1CC[C@H](N(C(=O)Nc2cc(C(F)(F)F)cc(C(F)(F)F)c2)C2CCc3cc(C(=O)NCCC(=O)O)ccc32)CC1,28.0,active
CHEMBL232448,CC(C)(C)[C@H]1CC[C@H](N(C(=O)Nc2cc(Cl)cc(Cl)c2)C2CCc3cc(C(=O)Nc4nn[nH]n4)ccc32)CC1,4.9,active
CHEMBL430163,CC(C)(C)[C@H]1CC[C@H](N(C(=O)Nc2cc(Cl)cc(Cl)c2)C2CCc3cc(C(=O)NCCC(=O)O)ccc32)CC1,10.0,active
CHEMBL232037,CC(C)(C)[C@H]1CC[C@H](N(C(=O)c2ccc(OC(F)(F)F)cc2)C2CCc3cc(C(=O)Nc4nn[nH]n4)ccc32)CC1,49.0,active
CHEMBL390469,CC(C)(C)[C@H]1CC[C@H](N(C(=O)c2ccc(OC(F)(F)F)cc2)C2CCc3cc(C(=O)NCCC(=O)O)ccc32)CC1,130.0,active
CHEMBL232242,CC(C)(C)[C@H]1CC[C@H](N(C(=O)Cc2ccc(OC(F)(F)F)cc2)C2CCc3cc(C(=O)Nc4nn[nH]n4)ccc32)CC1,4.8,active
CHEMBL232224,CC(C)(C)[C@H]1CC[C@H](N(C(=O)Cc2ccc(OC(F)(F)F)cc2)C2CCc3cc(C(=O)NCCC(=O)O)ccc32)CC1,1.8,active
CHEMBL266489,O=C(Nc1nn[nH]n1)c1ccc2c(c1)CCC2N(C(=O)Nc1ccc(OC(F)(F)F)cc1)c1ccc(C2CCCCC2)cc1,22.0,active
CHEMBL265337,O=C(O)CCNC(=O)c1ccc2c(c1)CCC2N(C(=O)Nc1ccc(OC(F)(F)F)cc1)c1ccc(C2CCCCC2)cc1,68.0,active
CHEMBL395760,O=C(Nc1nn[nH]n1)c1ccc2c(c1)CCC2N(C(=O)Nc1ccc(OC(F)(F)F)cc1)c1ccc(OC(F)(F)F)cc1,62.0,active
CHEMBL265336,O=C(O)CCNC(=O)c1ccc2c(c1)CCC2N(C(=O)Nc1ccc(OC(F)(F)F)cc1)c1ccc(OC(F)(F)F)cc1,820.0,active
CHEMBL452451,CS(=O)(=O)c1cc(NC(=O)N(Cc2ccc(C(=O)NC[C@@H](O)C(=O)O)cc2)c2ccc(C3=CCCCC3)cc2)ccc1OC(F)(F)F,5.0,active
CHEMBL528775,CSc1cccc(NC(=O)N(Cc2ccc(C(=O)NC[C@@H](O)C(=O)O)cc2)c2ccc(C3CCCCC3)cc2)c1,9.0,active
CHEMBL447684,O=C(NC[C@@H](O)C(=O)O)c1ccc(CN(C(=O)Nc2cc(F)cc(C(F)(F)F)c2)c2ccc(C3=CCCCC3)cc2)cc1,13.0,active
CHEMBL455214,O=C(NC[C@@H](O)C(=O)O)c1ccc(CN(C(=O)Nc2ccc3c(c2)C(F)(F)OC(F)(F)O3)c2ccc(C3=CCCCC3)cc2)cc1,6.0,active
CHEMBL487668,O=C(NC[C@@H](O)C(=O)O)c1ccc(CN(C(=O)Nc2cc(Cl)cc(Cl)c2)c2ccc(C3CCCCC3)cc2)cc1,4.0,active
CHEMBL447742,CC(C)(C)c1cccc(NC(=O)N(Cc2ccc(C(=O)NC[C@@H](O)C(=O)O)cc2)c2ccc(C3CCCCC3)cc2)c1,18.0,active
CHEMBL504245,N#Cc1ccc(NC(=O)N(Cc2ccc(C(=O)NC[C@@H](O)C(=O)O)cc2)c2ccc(C3CCCCC3)cc2)cc1C(F)(F)F,9.0,active
CHEMBL453457,O=C(NC[C@@H](O)C(=O)O)c1ccc(CN(C(=O)Nc2ccc(SC(F)(F)F)cc2)c2ccc(C3CCCCC3)cc2)cc1,6.0,active
CHEMBL520893,O=C(NC[C@@H](O)C(=O)O)c1ccc(CN(C(=O)Nc2cccc(Cl)c2)c2ccc(C3=CCCCC3)cc2)cc1,14.0,active
CHEMBL487662,O=C(NC[C@@H](O)C(=O)O)c1ccc(CN(C(=O)Nc2ccccc2)c2ccc(C3=CCCCC3)cc2)cc1,166.0,active
CHEMBL486651,Cc1cc(NC(=O)N(Cc2ccc(C(=O)NC[C@@H](O)C(=O)O)cc2)[C@H]2CC[C@H](C(C)(C)C)CC2)cc(C(F)(F)F)c1,10.0,active
CHEMBL456738,COc1cc(NC(=O)N(Cc2ccc(C(=O)NC[C@@H](O)C(=O)O)cc2)c2ccc(C3CCCCC3)cc2)cc(C(F)(F)F)c1,9.0,active
CHEMBL509710,COc1cc(NC(=O)N(Cc2ccc(C(=O)NC[C@@H](O)C(=O)O)cc2)c2ccc(C3=CCCCC3)cc2)cc(C(F)(F)F)c1,14.0,active
CHEMBL445532,O=C(NC[C@@H](O)C(=O)O)c1ccc(CN(C(=O)Nc2cc(Br)cc(C(F)(F)F)c2)c2ccc(C3=CCCCC3)cc2)cc1,7.0,active
CHEMBL452311,O=C(NC[C@@H](O)C(=O)O)c1ccc(CN(C(=O)Nc2cccc(Br)c2)c2ccc(C3CCCCC3)cc2)cc1,8.0,active
CHEMBL452067,Cc1cc(C)cc(NC(=O)N(Cc2ccc(C(=O)NC[C@@H](O)C(=O)O)cc2)[C@H]2CC[C@H](C(C)(C)C)CC2)c1,27.0,active
CHEMBL452310,CO[C@H](CNC(=O)c1ccc(CN(C(=O)Nc2cc(Cl)cc(Cl)c2)c2ccc(C3=CCCCC3)cc2)cc1)C(=O)O,693.0,active
CHEMBL504156,CC(C)(C)[C@H]1CC[C@H](N(Cc2ccc(C(=O)NC[C@H](O)C(=O)O)cc2)C(=O)Nc2cc(C(F)(F)F)cc(C(F)(F)F)c2)CC1,82.0,active
CHEMBL499160,CC(C)(C)[C@H]1CC[C@H](N(Cc2ccc(C(=O)NC[C@@H](O)C(=O)O)cc2)C(=O)Nc2cc(C(F)(F)F)cc(C(F)(F)F)c2)CC1,8.0,active
CHEMBL519903,O=C(NC[C@H](O)C(=O)O)c1ccc(CN(C(=O)Nc2cc(Cl)cc(Cl)c2)c2ccc(C3=CCCCC3)cc2)cc1,51.0,active
CHEMBL487476,O=C(NC[C@@H](O)C(=O)O)c1ccc(CN(C(=O)Nc2cc(Cl)cc(Cl)c2)c2ccc(C3=CCCCC3)cc2)cc1,3.9,active
CHEMBL486634,O=C(NCC(O)C(=O)O)c1ccc(CN(C(=O)Nc2cc(Cl)cc(Cl)c2)c2ccc(C3=CCCCC3)cc2)cc1,14.0,active
CHEMBL486650,CC(C)(C)c1ccc(N(Cc2ccc(C(=O)NCC(O)C(=O)O)cc2)C(=O)Nc2ccc(OC(F)(F)F)cc2)cc1,55.0,active
CHEMBL463175,CC1CC(=O)c2c(cc3c(-c4c(O)cc(O)c5c(O)c6c(cc45)OC(C)CC6=O)c(O)cc(O)c3c2O)O1,20000.0,inactive
CHEMBL524883,CC[C@H](C)[C@@H]1NC(=O)C[C@@H]2NC(=O)[C@H](CO)NC(=O)[C@@H]3CCCN3C(=O)[C@H](CSSC[C@@H](C(=O)OC)NC(=O)[C@H](C)NC(=O)[C@H](Cc3c[nH]c4ccccc34)NC(=O)[C@@H]3CCCN3C(=O)[C@H]([C@@H](C)O)NC(=O)[C@H](CC(N)=O)NC(=O)[C@H](Cc3c[nH]c4ccccc34)NC(=O)CNC(=O)[C@@H]3CCCN3C1=O)NC(=O)CNC(=O)[C@H](Cc1c[nH]c3ccccc13)NC(=O)[C@@H]1CCCN1C(=O)[C@H](CC(C)C)NC(=O)CNC2=O,320.0,active
CHEMBL526383,CC[C@H](C)[C@@H]1NC(=O)C[C@@H]2NC(=O)[C@H](CO)NC(=O)[C@@H]3CCCN3C(=O)[C@H](CSSC[C@@H](C(=O)O)NC(=O)[C@H](C)NC(=O)[C@H](Cc3c[nH]c4ccccc34)NC(=O)[C@@H]3CCCN3C(=O)[C@H]([C@@H](C)O)NC(=O)[C@H](CC(N)=O)NC(=O)[C@H](Cc3c[nH]c4ccccc34)NC(=O)CNC(=O)[C@@H]3CCCN3C1=O)NC(=O)CNC(=O)[C@H](Cc1c[nH]c3ccccc13)NC(=O)[C@@H]1CCCN1C(=O)[C@H](CC(C)C)NC(=O)CNC2=O,440.0,active
CHEMBL452040,O=C(NC(=O)c1ccccc1Cl)Nc1ccc(Oc2ccc(Cl)cc2)c(Cl)c1,482.0,active
CHEMBL511964,Cn1c(N(Cc2ccc(C(=O)Nc3nnn[nH]3)cc2)[C@H]2CC[C@H](C(C)(C)C)CC2)nc2cc(Cl)c(Cl)cc21,9.0,active
CHEMBL470955,Cc1cc2nc(N(Cc3ccc(C(=O)Nc4nnn[nH]4)cc3)[C@H]3CC[C@H](C(C)(C)C)CC3)n(C)c2cc1C,6.0,active
CHEMBL480501,Cn1c(N(Cc2ccc(C(=O)Nc3nnn[nH]3)cc2)[C@H]2CC[C@H](C(C)(C)C)CC2)nc2cc(C(F)(F)F)ccc21,11.0,active
CHEMBL472325,Cn1c(N(Cc2ccc(C(=O)Nc3nnn[nH]3)cc2)[C@H]2CC[C@H](C(C)(C)C)CC2)nc2cc(Br)ccc21,7.0,active
CHEMBL472154,Cn1c(N(Cc2ccc(C(=O)Nc3nnn[nH]3)cc2)[C@H]2CC[C@H](C(C)(C)C)CC2)nc2cc(F)ccc21,6.0,active
CHEMBL480113,CCCOc1ccc2nc(N(Cc3ccc(C(=O)Nc4nnn[nH]4)cc3)[C@H]3CC[C@H](C(C)(C)C)CC3)n(C)c2c1,1.0,active
CHEMBL471979,COc1ccc2nc(N(Cc3ccc(C(=O)Nc4nnn[nH]4)cc3)[C@H]3CC[C@H](C(C)(C)C)CC3)n(C)c2c1,4.0,active
CHEMBL499372,Cn1c(N(Cc2ccc(C(=O)Nc3nnn[nH]3)cc2)[C@H]2CC[C@H](C(C)(C)C)CC2)nc2cc(OCc3ccccc3)ccc21,1.0,active
CHEMBL448921,Cn1c(N(Cc2ccc(C(=O)Nc3nnn[nH]3)cc2)[C@H]2CC[C@H](C(C)(C)C)CC2)nc2cc(OCC3CCCC3)ccc21,2.0,active
CHEMBL500315,Cn1c(N(Cc2ccc(C(=O)Nc3nnn[nH]3)cc2)[C@H]2CC[C@H](C(C)(C)C)CC2)nc2cc(OC3CCCC3)ccc21,1.0,active
CHEMBL480692,CCCOc1ccc2c(c1)nc(N(Cc1ccc(C(=O)Nc3nnn[nH]3)cc1)[C@H]1CC[C@H](C(C)(C)C)CC1)n2C,2.0,active
CHEMBL518939,CCOc1ccc2c(c1)nc(N(Cc1ccc(C(=O)Nc3nnn[nH]3)cc1)[C@H]1CC[C@H](C(C)(C)C)CC1)n2C,2.0,active
CHEMBL513067,COc1ccc2c(c1)nc(N(Cc1ccc(C(=O)Nc3nnn[nH]3)cc1)[C@H]1CC[C@H](C(C)(C)C)CC1)n2C,4.0,active
CHEMBL458145,Cn1c(N(Cc2ccc(C(=O)Nc3nnn[nH]3)cc2)[C@H]2CC[C@H](C(C)(C)C)CC2)nc2cc(O)ccc21,2.0,active
CHEMBL459208,Cn1c(N(Cc2ccc(C(=O)Nc3nnn[nH]3)cc2)c2ccc(C3CCCCC3)cc2)nc2ccccc21,9.0,active
CHEMBL459032,Cn1c(N(Cc2ccc(C(=O)Nc3nnn[nH]3)cc2)c2ccc(C(C)(C)C)cc2)nc2ccccc21,31.0,active
CHEMBL458322,CN(Cc1ccc(C(=O)Nc2nnn[nH]2)cc1)c1nc2ccccc2n1C,1000.0,active
CHEMBL515202,Cn1c(N(Cc2ccc(C(=O)Nc3nnn[nH]3)cc2)[C@H]2CC[C@@H](C(C)(C)C)CC2)nc2ccccc21,170.0,active
CHEMBL506520,CC(C)(C)[C@H]1CC[C@H](N(Cc2ccc(C(=O)Nc3nnn[nH]3)cc2)c2nc3ccccc3n2Cc2ccccc2)CC1,16.0,active
CHEMBL507829,CC(C)(C)[C@H]1CC[C@H](N(Cc2ccc(C(=O)Nc3nnn[nH]3)cc2)c2nc3ccccc3n2-c2ccccc2)CC1,950.0,active
CHEMBL515045,CC(C)(C)[C@H]1CC[C@H](N(Cc2ccc(C(=O)Nc3nnn[nH]3)cc2)c2nc3ccccc3n2C2CCCC2)CC1,120.0,active
CHEMBL456877,CCCn1c(N(Cc2ccc(C(=O)Nc3nnn[nH]3)cc2)[C@H]2CC[C@H](C(C)(C)C)CC2)nc2ccccc21,24.0,active
CHEMBL459458,CCn1c(N(Cc2ccc(C(=O)Nc3nnn[nH]3)cc2)[C@H]2CC[C@H](C(C)(C)C)CC2)nc2ccccc21,16.0,active
CHEMBL459457,Cn1c(N(Cc2ccc(C(=O)Nc3nnn[nH]3)cc2)[C@H]2CC[C@H](C(C)(C)C)CC2)nc2ccccc21,4.0,active
CHEMBL517861,Cc1ccc2c(c1)nc(N(Cc1ccc(C(=O)Nc3nnn[nH]3)cc1)[C@H]1CC[C@H](C(C)(C)C)CC1)n2C,15.0,active
CHEMBL509900,Cc1ccc2[nH]c(N(Cc3ccc(C(=O)Nc4nnn[nH]4)cc3)[C@H]3CC[C@H](C(C)(C)C)CC3)nc2c1,10.0,active
CHEMBL442855,Cc1ccc2[nH]c(N(Cc3ccc(C(=O)Nc4nnn[nH]4)cc3)c3ccc(Oc4ccc(Cl)cc4)c(Cl)c3)nc2c1,13.0,active
CHEMBL502203,CC(C)(C)[C@H]1CC[C@@]2(CCN(c3ccc(OC(F)(F)F)cc3)C(=O)N2Cc2ccc(C(=O)Nc3nnn[nH]3)cc2)CC1,32.0,active
CHEMBL503919,O=C(Nc1nnn[nH]1)c1ccc(CN(c2ccc(Oc3ccc(Cl)cc3)c(Cl)c2)c2nc(-c3ccccc3)cs2)cc1,85.0,active
CHEMBL452041,Clc1ccc(Oc2ccc(Nc3nc(-c4ccccc4)cs3)cc2Cl)cc1,1000.0,active
CHEMBL469903,Cn1c(N(Cc2ccc(C(=O)Nc3nnn[nH]3)cc2)c2ccc(OC(F)(F)F)cc2)nc2ccccc21,1000.0,active
CHEMBL488682,Cn1c(N(Cc2ccc(C(=O)NC[C@@H](O)C(=O)O)cc2)[C@H]2CC[C@H](C(C)(C)C)CC2)nc2ccccc21,1000.0,active
CHEMBL487828,Cn1c(N(Cc2ccc(C(=O)NCCC(=O)O)cc2)[C@H]2CC[C@H](C(C)(C)C)CC2)nc2ccccc21,230.0,active
CHEMBL469904,Cn1c(N(Cc2ccc(C(=O)NCc3nnn[nH]3)cc2)[C@H]2CC[C@H](C(C)(C)C)CC2)nc2ccccc21,160.0,active
CHEMBL521650,O=C(O)CCNC(=O)c1ccc(CN(c2ccc(C3=CCCCC3)cc2)c2nc(-c3ccccc3)cs2)cc1,130.0,active
CHEMBL450411,CC(C)(C)c1ccc(-c2csc(N(Cc3ccc(C(=O)NCCC(=O)O)cc3)c3ccc(C4=CCCCC4)cc3)n2)cc1,118.0,active
CHEMBL506800,O=C(O)CCNC(=O)c1ccc(CN(c2ccc(C3=CCCCC3)cc2)c2nc(-c3ccc(OC(F)(F)F)cc3)cs2)cc1,36.0,active
CHEMBL444126,O=C(O)CCNC(=O)c1ccc(CN(c2ccc(C3=CCCCC3)cc2)c2nc(-c3ccc(C(F)(F)F)cc3)cs2)cc1,48.0,active
CHEMBL443971,O=C(O)CCNC(=O)c1ccc(CN(c2ccc(C3=CCCCC3)cc2)c2nc(-c3ccc(Cl)cc3)c(-c3ccccc3)s2)cc1,86.0,active
CHEMBL455323,O=C(O)CCNC(=O)c1ccc(CN(c2ccc3c(c2)Cc2ccccc2-3)c2nc(-c3ccc(OC(F)(F)F)cc3)cs2)cc1,50.0,active
CHEMBL492605,O=C(O)CCNC(=O)c1ccc(CN(c2ccc3c(c2)CCC3)c2nc(-c3ccc(C(F)(F)F)cc3)cs2)cc1,86.0,active
CHEMBL446821,O=C(O)CCNC(=O)c1ccc(CN(c2ccc3c(c2)CCC3)c2nc(-c3ccc(OC(F)(F)F)cc3)cs2)cc1,85.0,active
CHEMBL491352,O=C(O)CCNC(=O)c1ccc(CN(c2ccc3c(c2)CCC3)c2nc(-c3ccc(Cl)c(Cl)c3)cs2)cc1,99.0,active
CHEMBL492813,O=C(O)CCNC(=O)c1ccc(CN(c2ccc3c(c2)CCCC3)c2nc(-c3ccc(Cl)c(Cl)c3)cs2)cc1,79.0,active
CHEMBL451288,O=C(O)CCNC(=O)c1ccc(CN(c2ccc3c(c2)CCCC3)c2nc(-c3ccc(C(F)(F)F)cc3)cs2)cc1,77.0,active
CHEMBL523847,Cc1cc(N(Cc2ccc(C(=O)NCCC(=O)O)cc2)c2nc(-c3ccc(C(F)(F)F)cc3)cs2)ccc1C(C)C,119.0,active
CHEMBL502694,Cc1cc(N(Cc2ccc(C(=O)NCCC(=O)O)cc2)c2nc(-c3cc(C(F)(F)F)cc(C(F)(F)F)c3)cs2)ccc1C(C)C,131.0,active
CHEMBL493233,CC(C)(C)c1ccc(-c2csc(N(Cc3ccc(C(=O)NCCC(=O)O)cc3)c3ccc(C(C)(C)C)cc3)n2)cc1,315.0,active
CHEMBL494248,O=C(O)CCNC(=O)c1ccc(CN(c2nc(-c3ccc(Cl)c(Cl)c3)cs2)C2CCCc3ccccc32)cc1,531.0,active
CHEMBL471580,O=C(O)CCNC(=O)c1ccc(CN(c2ccc(Cl)cc2)c2nc(-c3ccc(C(F)(F)F)cc3)cs2)cc1,76.0,active
CHEMBL519776,O=C(O)CCNC(=O)c1ccc(CN(c2ccc(Cl)cc2)c2nc(-c3ccc(OC(F)(F)F)cc3)cs2)cc1,82.0,active
CHEMBL470729,O=C(O)CCNC(=O)c1ccc(CN(c2ccc(C(F)(F)F)cc2)c2nc(-c3ccc(Cl)cc3)cs2)cc1,92.0,active
CHEMBL501628,O=C(O)CCNC(=O)c1ccc(CN(c2ccc(OC(F)(F)F)cc2)c2nc(-c3ccc(C(F)(F)F)cc3)cs2)cc1,92.0,active
CHEMBL472586,COc1ccccc1-c1csc(N(Cc2ccc(C(=O)NCCC(=O)O)cc2)c2ccc(SC(F)(F)F)cc2)n1,420.0,active
CHEMBL464663,O=C(O)CCNC(=O)c1ccc(CN(c2ccc(SC(F)(F)F)cc2)c2nc(-c3ccc(C(F)(F)F)cc3)cs2)cc1,34.0,active
CHEMBL504260,O=C(NC[C@@H](O)C(=O)O)c1ccc(CN(c2ccc3c(c2)CCC3)c2nc(-c3ccc(OC(F)(F)F)cc3)cs2)cc1,225.0,active
CHEMBL505685,O=C(NC[C@@H](O)C(=O)O)c1ccc(CN(c2ccc3c(c2)CCC3)c2nc(-c3ccc(C(F)(F)F)cc3)cs2)cc1,261.0,active
CHEMBL448561,O=C(O)CCNC(=O)c1ccc(N(Cc2ccc3c(c2)Cc2ccccc2-3)c2nc(-c3ccc(Cl)cc3)cs2)cc1,93.0,active
CHEMBL442651,O=C(O)CCNC(=O)c1ccc(N(Cc2ccc3c(c2)Cc2ccccc2-3)c2nc(-c3ccc(C(F)(F)F)cc3)cs2)cc1,78.0,active
CHEMBL448584,O=C(O)CCNC(=O)c1ccc(N(Cc2ccc3c(c2)Cc2ccccc2-3)c2nc(-c3ccc(OC(F)(F)F)cc3)cs2)cc1,81.0,active
CHEMBL491920,O=C(O)CCNC(=O)c1ccc(CC(c2ccc(Cl)cc2)c2nc(-c3ccc(C(F)(F)F)cc3)cs2)cc1,96.0,active
CHEMBL493019,O=C(O)CCNC(=O)c1ccc(CC(c2ccc(Cl)cc2)c2nc(-c3ccc(OC(F)(F)F)cc3)cs2)cc1,153.0,active
CHEMBL493020,O=C(O)CCNC(=O)c1ccc(CC(c2ccc(OC(F)(F)F)cc2)c2nc(-c3ccc(Cl)cc3)cs2)cc1,98.0,active
CHEMBL501392,O=C(NC[C@@H](O)C(=O)O)c1ccc(CC(c2ccc(OC(F)(F)F)cc2)c2nc(-c3ccc(C(F)(F)F)cc3)cs2)cc1,119.0,active
CHEMBL577345,CCc1cc(OC)ccc1-c1ccc(C[C@H](NC(=O)[C@H](CC(=O)O)NC(=O)[C@H](CO)NC(=O)[C@@H](NC(=O)[C@](C)(Cc2ccccc2F)NC(=O)[C@@H](NC(=O)CNC(=O)[C@H](CCC(=O)O)NC(=O)C(C)(C)NC(=O)[C@@H](N)Cc2cnc[nH]2)[C@@H](C)O)[C@@H](C)O)C(=O)N[C@@H](Cc2ccc(-c3ccccc3C)cc2)C(N)=O)cc1,10000.0,inactive
CHEMBL1082723,C[C@H]1Cc2c([nH]c3cc(Cl)c(F)cc23)[C@@]2(N1)C(=O)Nc1ccc(Cl)cc12,30000.0,inactive
CHEMBL1643951,CC(C)(C)[C@H]1CC[C@H](N(Cc2ccc(C(=O)Nc3nn[nH]n3)cc2)C(=O)Nc2ccc(OC(F)(F)F)cc2)CC1,3.2,active
CHEMBL1643952,O=C(O)c1ccc(Cn2nc(C3CCCCC3)cc2-c2ccc(OC(F)(F)F)cc2)cc1,2000.0,intermediate
CHEMBL1643953,O=C(O)CCNC(=O)c1ccc(Cn2nc(-c3ccc(OC(F)(F)F)cc3)cc2C2CCCCC2)cc1,3800.0,intermediate
CHEMBL1643954,O=C(Nc1nn[nH]n1)c1ccc(Cn2nc(C3CCCCC3)cc2-c2ccc(OC(F)(F)F)cc2)cc1,810.0,active
CHEMBL1643955,O=C(Nc1nn[nH]n1)c1ccc(Cn2nc(-c3ccc(OC(F)(F)F)cc3)cc2C2CCCCC2)cc1,120.0,active
CHEMBL1643956,O=C(O)CCNC(=O)c1ccc(Cc2cc(-c3ccc(OC(F)(F)F)cc3)nn2C2CCCCC2)cc1,2900.0,intermediate
CHEMBL1643957,O=C(Nc1nn[nH]n1)c1ccc(Cc2cc(-c3ccc(OC(F)(F)F)cc3)nn2C2CCCCC2)cc1,4200.0,intermediate
CHEMBL1643958,O=C(O)CCNC(=O)c1ccc(Cc2cc(-c3ccc(OC(F)(F)F)cc3)n(C3CCCCC3)n2)cc1,1700.0,intermediate
CHEMBL1644172,O=C(Nc1nn[nH]n1)c1ccc(Cc2cc(-c3ccc(OC(F)(F)F)cc3)n(C3CCCCC3)n2)cc1,2900.0,intermediate
CHEMBL1644173,O=C(O)CCNC(=O)c1ccc(Cc2cn(-c3ccc(OC(F)(F)F)cc3)nc2C2CCCCC2)cc1,1200.0,intermediate
CHEMBL1644174,O=C(Nc1nn[nH]n1)c1ccc(Cc2cn(-c3ccc(OC(F)(F)F)cc3)nc2C2CCCCC2)cc1,5300.0,intermediate
CHEMBL1644175,O=C(O)CCNC(=O)c1ccc(Cc2cnn(-c3ccc(OC(F)(F)F)cc3)c2C2CCCCC2)cc1,7200.0,intermediate
CHEMBL1644176,O=C(Nc1nn[nH]n1)c1ccc(Cc2cnn(-c3ccc(OC(F)(F)F)cc3)c2C2CCCCC2)cc1,16000.0,inactive
CHEMBL1644177,CC(C)(C)[C@H]1CC[C@H](c2cc(-c3ccc(OC(F)(F)F)cc3)nn2Cc2ccc(C(=O)NCCC(=O)O)cc2)CC1,480.0,active
CHEMBL1644178,CC(C)(C)[C@H]1CC[C@H](c2cc(-c3ccc(OC(F)(F)F)cc3)nn2Cc2ccc(C(=O)Nc3nn[nH]n3)cc2)CC1,63.0,active
CHEMBL1644179,O=C(O)CCNC(=O)c1ccc(Cn2nc(-c3ccc(OC(F)(F)F)cc3)cc2-c2ccc(OC(F)(F)F)cc2)cc1,490.0,active
CHEMBL1644180,O=C(Nc1nn[nH]n1)c1ccc(Cn2nc(-c3ccc(OC(F)(F)F)cc3)cc2-c2ccc(OC(F)(F)F)cc2)cc1,43.0,active
CHEMBL1644181,O=C(O)CCNC(=O)c1ccc(Cn2nc(-c3ccc(OC(F)(F)F)cc3)cc2-c2cc(Cl)cc(Cl)c2)cc1,95.0,active
CHEMBL1644182,O=C(Nc1nn[nH]n1)c1ccc(Cn2nc(-c3ccc(OC(F)(F)F)cc3)cc2-c2cc(Cl)cc(Cl)c2)cc1,36.0,active
CHEMBL1644183,O=C(O)CCNC(=O)c1ccc(Cn2nc(-c3cc(Cl)cc(Cl)c3)cc2-c2ccc(OC(F)(F)F)cc2)cc1,84.0,active
CHEMBL1644184,O=C(Nc1nn[nH]n1)c1ccc(Cn2nc(-c3cc(Cl)cc(Cl)c3)cc2-c2ccc(OC(F)(F)F)cc2)cc1,39.0,active
CHEMBL1644185,O=C(NC[C@@H](O)C(=O)O)c1ccc(Cn2nc(-c3cc(Cl)cc(Cl)c3)cc2-c2ccc(OC(F)(F)F)cc2)cc1,28.0,active
CHEMBL1644186,O=C(NCc1nn[nH]n1)c1ccc(Cn2nc(-c3cc(Cl)cc(Cl)c3)cc2-c2ccc(OC(F)(F)F)cc2)cc1,120.0,active
CHEMBL1644187,CC(c1ccc(C(=O)NCCC(=O)O)cc1)n1nc(-c2ccc(OC(F)(F)F)cc2)cc1-c1ccc(OC(F)(F)F)cc1,250.0,active
CHEMBL1644188,CC(c1ccc(C(=O)Nc2nn[nH]n2)cc1)n1nc(-c2ccc(OC(F)(F)F)cc2)cc1-c1ccc(OC(F)(F)F)cc1,130.0,active
CHEMBL1644189,O=C(O)CNC(=O)c1ccc(Cn2nc(-c3ccc(OC(F)(F)F)cc3)cc2-c2ccc(OC(F)(F)F)cc2)cc1,3000.0,intermediate
CHEMBL1644190,O=C(O)CCCNC(=O)c1ccc(Cn2nc(-c3ccc(OC(F)(F)F)cc3)cc2-c2ccc(OC(F)(F)F)cc2)cc1,1100.0,intermediate
CHEMBL1644191,CN(CCC(=O)O)C(=O)c1ccc(Cn2nc(-c3ccc(OC(F)(F)F)cc3)cc2-c2ccc(OC(F)(F)F)cc2)cc1,7200.0,intermediate
CHEMBL1644192,CS(=O)(=O)c1ccc(-c2cc(-c3ccc(OC(F)(F)F)cc3)n(Cc3ccc(C(=O)NCCC(=O)O)cc3)n2)cc1,2700.0,intermediate
CHEMBL1644193,CS(=O)(=O)c1ccc(-c2cc(-c3ccc(OC(F)(F)F)cc3)n(Cc3ccc(C(=O)Nc4nn[nH]n4)cc3)n2)cc1,570.0,active
CHEMBL1644194,CS(=O)(=O)c1ccc(-c2cc(-c3ccc(OC(F)(F)F)cc3)nn2Cc2ccc(C(=O)NCCC(=O)O)cc2)cc1,1200.0,intermediate
CHEMBL1644195,CS(=O)(=O)c1ccc(-c2cc(-c3ccc(OC(F)(F)F)cc3)nn2Cc2ccc(C(=O)Nc3nn[nH]n3)cc2)cc1,220.0,active
CHEMBL1644196,CC(c1ccc(Cl)cc1)c1cc(-c2ccc(OC(F)(F)F)cc2)n(Cc2ccc(C(=O)NCCC(=O)O)cc2)n1,2400.0,intermediate
CHEMBL1644197,CC(c1ccc(Cl)cc1)c1cc(-c2ccc(OC(F)(F)F)cc2)n(Cc2ccc(C(=O)Nc3nn[nH]n3)cc2)n1,430.0,active
CHEMBL1644198,CC(c1ccc(Cl)cc1)c1ccc(-c2cc(-c3ccc(OC(F)(F)F)cc3)nn2Cc2ccc(C(=O)NCCC(=O)O)cc2)cc1,730.0,active
CHEMBL1644199,CC(c1ccc(Cl)cc1)c1ccc(-c2cc(-c3ccc(OC(F)(F)F)cc3)nn2Cc2ccc(C(=O)Nc3nn[nH]n3)cc2)cc1,520.0,active
CHEMBL1644200,O=C(O)CCNC(=O)c1cccc(Cn2nc(-c3ccc(OC(F)(F)F)cc3)cc2-c2ccc(OC(F)(F)F)cc2)c1,330.0,active
CHEMBL1644201,O=C(Nc1nn[nH]n1)c1cccc(Cn2nc(-c3ccc(OC(F)(F)F)cc3)cc2-c2ccc(OC(F)(F)F)cc2)c1,1100.0,intermediate
CHEMBL1644202,O=C(O)CNC(=O)c1cccc(Cn2nc(-c3ccc(OC(F)(F)F)cc3)cc2-c2ccc(OC(F)(F)F)cc2)c1,2900.0,intermediate
CHEMBL1644203,O=C(O)CCCNC(=O)c1cccc(Cn2nc(-c3ccc(OC(F)(F)F)cc3)cc2-c2ccc(OC(F)(F)F)cc2)c1,1100.0,intermediate
CHEMBL1922914,O=C(Nc1nnn[nH]1)c1ccc(Cn2c(C(=O)c3ccc(OC(F)(F)F)cc3)cc3ccc(C(F)(F)F)cc32)cc1,51.0,active
CHEMBL1922915,CCCC(Cc1ccc(C(=O)NCCC(=O)O)cc1)C(=O)c1cc2cc(Cl)ccc2n1Cc1ccc(C(C)(C)C)cc1,16.0,active
CHEMBL1922916,CCCC(Cc1ccc(C(=O)NCCC(=O)O)cc1)C(=O)c1cc2cc(Cl)ccc2n1-c1ccc(C(C)(C)C)cc1,52.0,active
CHEMBL1922917,CCCC(Cc1ccc(C(=O)NCCC(=O)O)cc1)C(=O)c1cc2cc(Cl)ccc2n1-c1ccc(Cl)cc1,32.0,active
CHEMBL1922918,CCCC(Cc1ccc(C(=O)NCCC(=O)O)cc1)C(=O)c1cc2cc(Cl)ccc2n1-c1ccc(OC(F)(F)F)cc1,28.0,active
CHEMBL1922919,CCCC(Cc1ccc(C(=O)NCCC(=O)O)cc1)C(=O)c1cc2cc(Cl)ccc2n1-c1ccc(C(F)(F)F)cc1,31.0,active
CHEMBL1922920,CCCC(Cc1ccc(C(=O)NCCC(=O)O)cc1)C(=O)c1cc2cc(Cl)ccc2n1-c1cccc(OC(F)(F)F)c1,24.0,active
CHEMBL1922921,CCC[C@@H](Cc1ccc(C(=O)NCCC(=O)O)cc1)C(=O)c1cc2cc(Cl)ccc2n1-c1cccc(C(F)(F)F)c1,17.0,active
CHEMBL1922922,CCCC(Cc1ccc(C(=O)NCCC(=O)O)cc1)C(=O)c1cc2cc(Cl)ccc2n1-c1cccc(F)c1,47.0,active
CHEMBL1922923,CCCC(Cc1ccc(C(=O)NCCC(=O)O)cc1)C(=O)c1cc2cc(Cl)ccc2n1-c1cc(Cl)cc(Cl)c1,110.0,active
CHEMBL1922924,CCCC(Cc1ccc(C(=O)NCCC(=O)O)cc1)C(=O)c1cc2cc(Cl)ccc2n1-c1cc(C)cc(C)c1,120.0,active
CHEMBL1922925,CCCC(Cc1ccc(C(=O)NCCC(=O)O)cc1)C(=O)c1cc2cc(Cl)ccc2n1-c1ccc(OC)c(C(F)(F)F)c1,23.0,active
CHEMBL1922926,CCCC(Cc1ccc(C(=O)NCCC(=O)O)cc1)C(=O)c1cc2cc(Cl)ccc2n1-c1ccc(Cl)c(C(F)(F)F)c1,12.0,active
CHEMBL1922927,CCCC(Cc1ccc(C(=O)NCCC(=O)O)cc1)C(=O)c1cc2cc(Cl)ccc2n1-c1ccc2cc(OC)ccc2c1,34.0,active
CHEMBL1922928,CCCC(Cc1ccc(C(=O)NCCC(=O)O)cc1)C(=O)c1cc2cc(Cl)ccc2n1-c1ccc2c(c1)OCCO2,28.0,active
CHEMBL1922929,CCCC(Cc1ccc(C(=O)NCCC(=O)O)cc1)C(=O)c1cc2cc(Cl)ccc2n1-c1cnc2ccccc2c1,58.0,active
CHEMBL1922930,CCC[C@@H](Cc1ccc(C(=O)NCCC(=O)O)cc1)C(=O)c1cc2cc(Cl)ccc2n1-c1cccc(C(F)(F)F)n1,9.2,active
CHEMBL1922932,CCCC[C@@H](Cc1ccc(C(=O)NCCC(=O)O)cc1)C(=O)c1cc2cc(Cl)ccc2n1-c1cccc(C(F)(F)F)c1,16.0,active
CHEMBL1922933,CCCCC[C@@H](Cc1ccc(C(=O)NCCC(=O)O)cc1)C(=O)c1cc2cc(Cl)ccc2n1-c1cccc(C(F)(F)F)c1,10.0,active
CHEMBL1922934,CC(C)CC[C@@H](Cc1ccc(C(=O)NCCC(=O)O)cc1)C(=O)c1cc2cc(Cl)ccc2n1-c1cccc(C(F)(F)F)c1,17.0,active
CHEMBL1922935,O=C(O)CCNC(=O)c1ccc(C[C@H](CC2CC2)C(=O)c2cc3cc(Cl)ccc3n2-c2cccc(C(F)(F)F)c2)cc1,37.0,active
CHEMBL1922936,CCCCC[C@@H](Cc1ccc(C(=O)NCCC(=O)O)cc1)C(=O)c1cc2cc(F)ccc2n1-c1cccc(C(F)(F)F)c1,10.0,active
CHEMBL1922937,CCCCC[C@@H](Cc1ccc(C(=O)NCCC(=O)O)cc1)C(=O)c1cc2cc(OC)ccc2n1-c1cccc(C(F)(F)F)c1,26.0,active
CHEMBL1922938,CCCCC[C@@H](Cc1ccc(C(=O)NCCC(=O)O)cc1)C(=O)c1cc2cc(OC(F)(F)F)ccc2n1-c1cccc(C(F)(F)F)c1,5.7,active
CHEMBL1922939,CCCCC[C@@H](Cc1ccc(C(=O)NCCC(=O)O)cc1)C(=O)c1cc2cc(C(F)(F)F)ccc2n1-c1cccc(C(F)(F)F)c1,16.0,active
CHEMBL1922940,CCCCC[C@@H](Cc1ccc(C(=O)NCCC(=O)O)cc1)C(=O)c1cc2cc(C)ccc2n1-c1cccc(C(F)(F)F)c1,12.0,active
CHEMBL1922931,CCC[C@H](Cc1ccc(C(=O)NCCC(=O)O)cc1)C(=O)c1cc2cc(Cl)ccc2n1-c1cccc(C(F)(F)F)n1,450.0,active
CHEMBL1922696,Cn1/c(=N/c2ccc(OC(F)(F)F)cc2)n(Cc2ccc(C(=O)Nc3nnn[nH]3)cc2)c2cc(Cl)c(Cl)cc21,4.0,active
CHEMBL1922845,Cn1c(N(Cc2ccc(C(=O)Nc3nnn[nH]3)cc2)c2ccc(OC(F)(F)F)cc2)nc2cc(Cl)c(Cl)cc21,19.0,active
CHEMBL1922697,CCn1/c(=N/c2ccc(OC(F)(F)F)cc2)n(Cc2ccc(C(=O)Nc3nnn[nH]3)cc2)c2cc(Cl)c(Cl)cc21,18.0,active
CHEMBL1922698,CCCn1/c(=N/c2ccc(OC(F)(F)F)cc2)n(Cc2ccc(C(=O)Nc3nnn[nH]3)cc2)c2cc(Cl)c(Cl)cc21,14.0,active
CHEMBL1922699,CC(C)n1/c(=N/c2ccc(OC(F)(F)F)cc2)n(Cc2ccc(C(=O)Nc3nnn[nH]3)cc2)c2cc(Cl)c(Cl)cc21,64.0,active
CHEMBL1922700,COCCn1/c(=N/c2ccc(OC(F)(F)F)cc2)n(Cc2ccc(C(=O)Nc3nnn[nH]3)cc2)c2cc(Cl)c(Cl)cc21,160.0,active
CHEMBL1922701,CCCOc1cccc2c1n(C)/c(=N/c1ccc(OC(F)(F)F)cc1)n2Cc1ccc(C(=O)Nc2nnn[nH]2)cc1,42.0,active
CHEMBL1922702,Cn1/c(=N/c2ccc(OC(F)(F)F)cc2)n(Cc2ccc(C(=O)Nc3nnn[nH]3)cc2)c2cc(C(F)(F)F)ccc21,13.0,active
CHEMBL1921810,Cn1/c(=N/c2ccc(OC(F)(F)F)cc2)n(Cc2ccc(C(=O)Nc3nnn[nH]3)cc2)c2cc(OC(F)(F)F)ccc21,24.0,active
CHEMBL1922703,Cn1/c(=N/c2ccc(OC(F)(F)F)cc2)n(Cc2ccc(C(=O)Nc3nnn[nH]3)cc2)c2cc(Cl)ccc21,18.0,active
CHEMBL1922704,CCCOc1ccc2c(c1)n(Cc1ccc(C(=O)Nc3nnn[nH]3)cc1)/c(=N\c1ccc(OC(F)(F)F)cc1)n2C,55.0,active
CHEMBL1922705,Cn1/c(=N/c2ccc(OC(F)(F)F)cc2)n(Cc2ccc(C(=O)Nc3nnn[nH]3)cc2)c2ccc(Cl)cc21,38.0,active
CHEMBL1922706,Cc1cc(C(F)(F)F)cc2c1n(C)/c(=N/c1ccc(OC(F)(F)F)cc1)n2Cc1ccc(C(=O)Nc2nnn[nH]2)cc1,30.0,active
CHEMBL1922707,CCc1cc(C(F)(F)F)cc2c1n(C)/c(=N/c1ccc(OC(F)(F)F)cc1)n2Cc1ccc(C(=O)Nc2nnn[nH]2)cc1,11.0,active
CHEMBL1922708,CCCCc1cc(C(F)(F)F)cc2c1n(C)/c(=N/c1ccc(OC(F)(F)F)cc1)n2Cc1ccc(C(=O)Nc2nnn[nH]2)cc1,1.7,active
CHEMBL1922709,CCc1cc(C(F)(F)F)cc2c1n(C)/c(=N/c1ccc(C)cc1)n2Cc1ccc(C(=O)Nc2nnn[nH]2)cc1,80.0,active
CHEMBL1922710,CCc1cc(C(F)(F)F)cc2c1n(C)/c(=N/c1ccc(C(C)(C)C)cc1)n2Cc1ccc(C(=O)Nc2nnn[nH]2)cc1,4.4,active
CHEMBL1922711,CCc1cc(C(F)(F)F)cc2c1n(C)/c(=N/c1ccc(F)cc1)n2Cc1ccc(C(=O)Nc2nnn[nH]2)cc1,110.0,active
CHEMBL1922712,COc1cc(C(F)(F)F)cc2c1n(C)/c(=N/c1ccc(OC(F)(F)F)cc1)n2Cc1ccc(C(=O)Nc2nnn[nH]2)cc1,8.3,active
CHEMBL1922713,COc1cc(Cl)cc2c1n(C)/c(=N/c1ccc(OC(F)(F)F)cc1)n2Cc1ccc(C(=O)Nc2nnn[nH]2)cc1,12.0,active
CHEMBL1922714,CCOc1cc(C(F)(F)F)cc2c1n(C)/c(=N/c1ccc(OC(F)(F)F)cc1)n2Cc1ccc(C(=O)Nc2nnn[nH]2)cc1,2.8,active
CHEMBL1922715,CCOc1cc(Cl)cc2c1n(C)/c(=N/c1ccc(OC(F)(F)F)cc1)n2Cc1ccc(C(=O)Nc2nnn[nH]2)cc1,7.0,active
CHEMBL1922834,CCCOc1cc(C(F)(F)F)cc2c1n(C)/c(=N/c1ccc(OC(F)(F)F)cc1)n2Cc1ccc(C(=O)Nc2nnn[nH]2)cc1,1.3,active
CHEMBL1922835,CCCOc1cc(Cl)cc2c1n(C)/c(=N/c1ccc(OC(F)(F)F)cc1)n2Cc1ccc(C(=O)Nc2nnn[nH]2)cc1,8.3,active
CHEMBL1922836,CCCCOc1cc(C(F)(F)F)cc2c1n(C)/c(=N/c1ccc(OC(F)(F)F)cc1)n2Cc1ccc(C(=O)Nc2nnn[nH]2)cc1,3.1,active
CHEMBL1922837,CCCCOc1cc(Cl)cc2c1n(C)/c(=N/c1ccc(OC(F)(F)F)cc1)n2Cc1ccc(C(=O)Nc2nnn[nH]2)cc1,7.0,active
CHEMBL1922838,CC(C)Oc1cc(Cl)cc2c1n(C)/c(=N/c1ccc(OC(F)(F)F)cc1)n2Cc1ccc(C(=O)Nc2nnn[nH]2)cc1,9.3,active
CHEMBL1922839,CCCOc1cc(C(F)(F)F)cc2c1n(C)/c(=N/c1ccc(C(C)(C)C)cc1)n2Cc1ccc(C(=O)Nc2nnn[nH]2)cc1,2.2,active
CHEMBL1922840,CCCOc1cc(C(F)(F)F)cc2c1n(C)/c(=N/c1ccc(C(F)(F)F)cc1)n2Cc1ccc(C(=O)Nc2nnn[nH]2)cc1,6.0,active
CHEMBL1922841,CCCOc1cc(C(F)(F)F)cc2c1n(C)/c(=N/c1cccc(OC(F)(F)F)c1)n2Cc1ccc(C(=O)Nc2nnn[nH]2)cc1,7.0,active
CHEMBL1922842,CCCOc1cc(C(F)(F)F)cc2c1n(C)/c(=N/c1cccc(C(F)(F)F)c1)n2Cc1ccc(C(=O)Nc2nnn[nH]2)cc1,31.0,active
CHEMBL1922843,CCCOc1cc(C(F)(F)F)cc2c1n(C)/c(=N/c1ccc(C)c(C(F)(F)F)c1)n2Cc1ccc(C(=O)Nc2nnn[nH]2)cc1,14.0,active
CHEMBL1922844,CCCOc1cc(C(F)(F)F)cc2c1n(C)/c(=N/c1ccc(F)c(C(F)(F)F)c1)n2Cc1ccc(C(=O)Nc2nnn[nH]2)cc1,7.7,active
CHEMBL2159325,O=C(O)CCNC(=O)c1ccc(Cn2nc(-c3cc(Cl)cc(Cl)c3)cc2-c2ccccc2OC(F)(F)F)cc1,527.5,active
CHEMBL2159326,O=C(O)CCNC(=O)c1ccc(Cn2nc(-c3cc(Cl)cc(Cl)c3)cc2-c2cccc(OC(F)(F)F)c2)cc1,233.6,active
CHEMBL2159327,CCCOc1ccc(-c2cc(-c3cc(Cl)cc(Cl)c3)nn2Cc2ccc(C(=O)NCCC(=O)O)cc2)cc1Cl,37.9,active
CHEMBL2159328,O=C(O)CCNC(=O)c1ccc(Cn2nc(-c3cc(Cl)cc(Cl)c3)cc2-c2ccc3ccccc3c2)cc1,60.6,active
CHEMBL2159329,COc1ccc2cc(-c3cc(-c4cc(Cl)cc(Cl)c4)nn3Cc3ccc(C(=O)NCCC(=O)O)cc3)ccc2c1,15.6,active
CHEMBL2159330,O=C(O)CCNC(=O)c1ccc(Cn2nc(-c3cc(Cl)cc(Cl)c3)cc2-c2ccc3c(OC(F)(F)F)cccc3c2)cc1,40.5,active
CHEMBL2159331,O=C(O)CCNC(=O)c1ccc(Cn2nc(-c3cc(Cl)cc(Cl)c3)cc2-c2ccc3cc(OC(F)(F)F)ccc3c2)cc1,8.1,active
CHEMBL2159332,O=C(O)CCNC(=O)c1ccc(Cn2nc(-c3cc(Cl)cc(Cl)c3)cc2-c2ccc3ccc(OC(F)(F)F)cc3c2)cc1,64.2,active
CHEMBL2159333,O=C(O)CCNC(=O)c1ccc(Cn2nc(-c3cc(Cl)cc(Cl)c3)cc2-c2ccc3cccc(OC(F)(F)F)c3c2)cc1,121.5,active
CHEMBL2159334,CC(c1ccc(C(=O)NCCC(=O)O)cc1)n1nc(-c2cc(Cl)cc(Cl)c2)cc1-c1ccc(OC(F)(F)F)cc1,100.3,active
CHEMBL2159335,CCCOc1ccc(-c2cc(-c3cc(Cl)cc(Cl)c3)nn2C(C)c2ccc(C(=O)NCCC(=O)O)cc2)cc1Cl,16.0,active
CHEMBL1933349,COc1ccc2cc(-c3cc(-c4cc(Cl)cc(Cl)c4)nn3[C@@H](C)c3ccc(C(=O)NCCC(=O)O)cc3)ccc2c1,6.6,active
CHEMBL2159336,COc1ccc2cc(-c3cc(-c4cc(Cl)cc(Cl)c4)nn3[C@H](C)c3ccc(C(=O)NCCC(=O)O)cc3)ccc2c1,728.3,active
CHEMBL2159337,C[C@@H](c1ccc(C(=O)NCCC(=O)O)cc1)n1nc(-c2cc(Cl)cc(Cl)c2)cc1-c1ccc2cc(OC(F)(F)F)ccc2c1,2.5,active
CHEMBL2159338,C[C@H](c1ccc(C(=O)NCCC(=O)O)cc1)n1nc(-c2cc(Cl)cc(Cl)c2)cc1-c1ccc2cc(OC(F)(F)F)ccc2c1,16.6,active
CHEMBL2159339,C[C@@H](c1ccc(C(=O)NCCC(=O)O)cc1)n1nc(-c2cc(Cl)cc(Cl)c2)cc1-c1ccc2cc(C(F)(F)F)ccc2c1,10.7,active
CHEMBL2159340,C[C@@H](c1ccc(C(=O)NCCC(=O)O)cc1)n1nc(-c2cc(Cl)cc(Cl)c2)cc1-c1ccc2cc(Cl)ccc2c1,7.5,active
CHEMBL2159341,Cc1ccc2cc(-c3cc(-c4cc(Cl)cc(Cl)c4)nn3[C@@H](C)c3ccc(C(=O)NCCC(=O)O)cc3)ccc2c1,4.6,active
CHEMBL2159342,CC(C)c1ccc2cc(-c3cc(-c4cc(Cl)cc(Cl)c4)nn3[C@@H](C)c3ccc(C(=O)NCCC(=O)O)cc3)ccc2c1,4.3,active
CHEMBL2159343,CCOc1ccc2cc(-c3cc(-c4cc(Cl)cc(Cl)c4)nn3[C@@H](C)c3ccc(C(=O)NCCC(=O)O)cc3)ccc2c1,8.1,active
CHEMBL2159344,CC(c1ccc(C(=O)NCCC(=O)O)cc1)n1nc(-c2cc(Cl)cc(Cl)c2)cc1-c1ccccc1C1CCCCC1,337.4,active
CHEMBL2159345,COc1ccc2cc(-c3cc(C(F)(F)F)nn3[C@@H](C)c3ccc(C(=O)NCCC(=O)O)cc3)ccc2c1,15.3,active
CHEMBL2159346,COc1ccc2cc(-c3cc(C(C)(C)C)nn3[C@@H](C)c3ccc(C(=O)NCCC(=O)O)cc3)ccc2c1,81.8,active
CHEMBL2159347,COc1ccc2cc(-c3cc(-c4cc(Cl)ccc4Cl)nn3[C@@H](C)c3ccc(C(=O)NCCC(=O)O)cc3)ccc2c1,7.5,active
CHEMBL2159348,COc1ccc2cc(-c3cc(-c4ccc(Cl)c(Cl)c4)nn3[C@@H](C)c3ccc(C(=O)NCCC(=O)O)cc3)ccc2c1,5.2,active
CHEMBL2159349,COc1ccc2cc(-c3cc(-c4cc(Cl)cc(C(F)(F)F)c4)nn3[C@@H](C)c3ccc(C(=O)NCCC(=O)O)cc3)ccc2c1,1.9,active
CHEMBL2159350,COc1cc(Cl)cc(-c2cc(-c3ccc4cc(OC)ccc4c3)n([C@@H](C)c3ccc(C(=O)NCCC(=O)O)cc3)n2)c1,14.8,active
CHEMBL2159351,CCCOc1cc(Cl)cc(-c2cc(-c3ccc4cc(OC)ccc4c3)n([C@@H](C)c3ccc(C(=O)NCCC(=O)O)cc3)n2)c1,6.9,active
CHEMBL2159352,COc1ccc2cc(-c3cc(-c4cc(C(F)(F)F)ccc4C)nn3[C@@H](C)c3ccc(C(=O)NCCC(=O)O)cc3)ccc2c1,9.3,active
CHEMBL2159353,COc1ccc2cc(-c3cc(-c4cc(C(F)(F)F)ccc4F)nn3[C@@H](C)c3ccc(C(=O)NCCC(=O)O)cc3)ccc2c1,4.1,active
CHEMBL454246,CC(C)CC(=O)O[C@H]1/C=C/C=C/C(=O)O[C@H]2[C@@H](C)C[C@@H]3[C@]2(O)[C@H](O)[C@@]2(CO)O[C@H]2[C@H]2[C@H]4OC5(c6ccccc6)O[C@@H]([C@@H](C)[C@@]23O5)[C@@]4(O)[C@](C)(O)C[C@H]2CC[C@H]1[C@H]2C,4.0,active
CHEMBL88044,CSc1ccc(-c2nc(-c3ccc(F)cc3)c(-c3ccncc3)o2)cc1,931.11,active
CHEMBL85713,CSc1ccc(-c2nc(-c3ccncc3)c(-c3ccc(F)cc3)n2C)cc1,860.99,active
CHEMBL88045,CSc1ccc(-c2nc(-c3ccc(F)cc3)c(-c3ccncc3)n2C)cc1,521.19,active
CHEMBL315836,Cc1cc(-c2[nH]c(-c3ccc(Cl)cc3)nc2-c2ccc(F)cc2)ccn1,50.0,active
CHEMBL84373,Oc1ccc(-c2[nH]c(-c3ccc(Br)cc3)nc2-c2ccccc2)cc1,100.0,active
CHEMBL84952,Brc1ccc(-c2nc(-c3ccccc3)c(-c3ccccc3)[nH]2)cc1,2200.0,intermediate
CHEMBL87858,Fc1ccc(-c2[nH]c(CCc3ccccc3)nc2-c2ccncc2)cc1,120.23,active
CHEMBL87248,Fc1ccc(-c2[nH]c(-c3ccc(Br)o3)nc2-c2ccncc2)cc1,190.11,active
CHEMBL278041,Oc1ccc(-c2nc(-c3ccc(F)cc3)c(-c3ccncc3)[nH]2)cc1,80.17,active
CHEMBL87365,Fc1ccc(-c2[nH]c(-c3ccccc3Br)nc2-c2ccncc2)cc1,90.16,active
CHEMBL2435137,CSc1ccc(C2=NC(c3ccncc3)=C(c3ccc(F)cc3)C2)cc1,1230.27,intermediate
CHEMBL91652,CSc1ccc(-c2cc(-c3ccncc3)c(-c3ccc(F)cc3)[nH]2)cc1,44.06,active
CHEMBL2435136,C[S+]([O-])c1ccc(C2=NC(c3ccncc3)=C(c3ccc(F)cc3)C2)cc1,671.43,active
CHEMBL88486,C[S+]([O-])c1ccc(-c2cc(-c3ccncc3)c(-c3ccc(F)cc3)[nH]2)cc1,5.309,active
CHEMBL10,C[S+]([O-])c1ccc(-c2nc(-c3ccc(F)cc3)c(-c3ccncc3)[nH]2)cc1,37.07,active
CHEMBL3237884,CC(C)(C)[C@H]1CC[C@]2(CC1)N=C(c1cc(Cl)cc(Cl)c1)C(=O)N2Cc1ccc(C(=O)NCCC(=O)O)cc1,290.0,active
CHEMBL3237885,CC(C)(C)[C@H]1CC[C@]2(CC1)N=C(c1cccc(C(F)(F)F)c1)C(=O)N2Cc1ccc(C(=O)NCCC(=O)O)cc1,510.0,active
CHEMBL3237886,CC(C)(C)[C@H]1CC[C@]2(CC1)N=C(c1ccccc1F)C(=O)N2Cc1ccc(C(=O)NCCC(=O)O)cc1,730.0,active
CHEMBL3237887,CC(C)(C)[C@H]1CC[C@]2(CC1)N=C(c1cccc(Cl)c1)C(=O)N2Cc1ccc(C(=O)NCCC(=O)O)cc1,770.0,active
CHEMBL3237888,CC(C)(C)[C@H]1CC[C@]2(CC1)N=C(c1ccc(C(F)(F)F)cc1)C(=O)N2Cc1ccc(C(=O)NCCC(=O)O)cc1,800.0,active
CHEMBL3237889,CC(C)(C)[C@H]1CC[C@]2(CC1)N=C(c1ccc(Cl)cc1)C(=O)N2Cc1ccc(C(=O)NCCC(=O)O)cc1,1400.0,intermediate
CHEMBL3237890,CC(C)(C)[C@H]1CC[C@]2(CC1)N=C(c1ccc(Cl)c(Cl)c1)C(=O)N2Cc1ccc(C(=O)NCCC(=O)O)cc1,1600.0,intermediate
CHEMBL3237891,CC(C)(C)[C@H]1CC[C@]2(CC1)N=C(c1ccc(OC(F)(F)F)cc1)C(=O)N2Cc1ccc(C(=O)NCCC(=O)O)cc1,1900.0,intermediate
CHEMBL3237892,CC(C)(C)[C@H]1CC[C@]2(CC1)N=C(c1ccc(F)cc1)C(=O)N2Cc1ccc(C(=O)NCCC(=O)O)cc1,1900.0,intermediate
CHEMBL3237893,CC(C)(C)[C@H]1CC[C@]2(CC1)N=C(c1ccccc1)C(=O)N2Cc1ccc(C(=O)NCCC(=O)O)cc1,3200.0,intermediate
CHEMBL3237894,CC(C)(C)[C@H]1CC[C@]2(CC1)N=C(c1ccccc1Cl)C(=O)N2Cc1ccc(C(=O)NCCC(=O)O)cc1,6800.0,intermediate
CHEMBL3237895,C[C@H](c1ccc(C(=O)NCCC(=O)O)cc1)N1C(=O)C(c2cc(Cl)cc(Cl)c2)=N[C@]12CC[C@@H](C(C)(C)C)CC2,140.0,active
CHEMBL3237896,C[C@@H](c1ccc(C(=O)NCCC(=O)O)cc1)N1C(=O)C(c2cc(Cl)cc(Cl)c2)=N[C@]12CC[C@@H](C(C)(C)C)CC2,5100.0,intermediate
CHEMBL3237897,CC(C)(C)[C@H]1CC[C@]2(CC1)N=C(c1cc(Cl)cc(Cl)c1)C(=O)N2CCc1ccc(C(=O)NCCC(=O)O)cc1,170.0,active
CHEMBL3237898,CC(CN1C(=O)C(c2cc(Cl)cc(Cl)c2)=N[C@]12CC[C@@H](C(C)(C)C)CC2)c1ccc(C(=O)NCCC(=O)O)cc1,260.0,active
CHEMBL3237899,CC(Cc1ccc(C(=O)NCCC(=O)O)cc1)N1C(=O)C(c2cc(Cl)cc(Cl)c2)=N[C@]12CC[C@@H](C(C)(C)C)CC2,140.0,active
CHEMBL3237900,C[C@H](c1ccc(C(=O)NCCC(=O)O)cc1)N1C(=O)C(c2cc(F)cc(Cl)c2)=N[C@]12CC[C@@H](C(C)(C)C)CC2,110.0,active
CHEMBL3237901,C[C@H](c1ccc(C(=O)NCCC(=O)O)cc1)N1C(=O)C(c2cccc(C(F)(F)F)c2)=N[C@]12CC[C@@H](C(C)(C)C)CC2,280.0,active
CHEMBL3237902,C[C@H](c1ccc(C(=O)NCCC(=O)O)cc1)N1C(=O)C(c2cccc(C3CC3)c2)=N[C@]12CC[C@@H](C(C)(C)C)CC2,340.0,active
CHEMBL3237903,C[C@H](c1ccc(C(=O)NCCC(=O)O)cc1)N1C(=O)C(c2ccccc2F)=N[C@]12CC[C@@H](C(C)(C)C)CC2,350.0,active
CHEMBL3237904,C[C@H](c1ccc(C(=O)NCCC(=O)O)cc1)N1C(=O)C(c2ccc(F)cc2)=N[C@]12CC[C@@H](C(C)(C)C)CC2,430.0,active
CHEMBL3237905,C[C@H](c1ccc(C(=O)NCCC(=O)O)cc1)N1C(=O)C(c2ccc(F)c(Cl)c2)=N[C@]12CC[C@@H](C(C)(C)C)CC2,440.0,active
CHEMBL3237906,C[C@H](c1ccc(C(=O)NCCC(=O)O)cc1)N1C(=O)C(c2cccc(Cl)c2)=N[C@]12CC[C@@H](C(C)(C)C)CC2,480.0,active
CHEMBL3237907,Cc1cccc(C2=N[C@]3(CC[C@@H](C(C)(C)C)CC3)N([C@H](C)c3ccc(C(=O)NCCC(=O)O)cc3)C2=O)c1,490.0,active
CHEMBL3237908,C[C@H](c1ccc(C(=O)NCCC(=O)O)cc1)N1C(=O)C(c2ccc(Cl)c(Cl)c2)=N[C@]12CC[C@@H](C(C)(C)C)CC2,550.0,active
CHEMBL3237909,C[C@H](c1ccc(C(=O)NCCC(=O)O)cc1)N1C(=O)C(c2cccc(F)c2)=N[C@]12CC[C@@H](C(C)(C)C)CC2,560.0,active
CHEMBL3237910,C[C@H](c1ccc(C(=O)NCCC(=O)O)cc1)N1C(=O)C(c2ccccc2)=N[C@]12CC[C@@H](C(C)(C)C)CC2,630.0,active
CHEMBL3237911,C[C@H](c1ccc(C(=O)NCCC(=O)O)cc1)N1C(=O)C(c2cccc(Cl)c2F)=N[C@]12CC[C@@H](C(C)(C)C)CC2,630.0,active
CHEMBL3237912,C[C@H](c1ccc(C(=O)NCCC(=O)O)cc1)N1C(=O)C(c2cc(Cl)ccc2F)=N[C@]12CC[C@@H](C(C)(C)C)CC2,750.0,active
CHEMBL3237913,C[C@H](c1ccc(C(=O)NCCC(=O)O)cc1)N1C(=O)C(c2cccc(OC(F)(F)F)c2)=N[C@]12CC[C@@H](C(C)(C)C)CC2,840.0,active
CHEMBL3237914,C[C@H](c1ccc(C(=O)NCCC(=O)O)cc1)N1C(=O)C(c2ccc(C(F)(F)F)cc2)=N[C@]12CC[C@@H](C(C)(C)C)CC2,910.0,active
CHEMBL3237915,C[C@H](c1ccc(C(=O)NCCC(=O)O)cc1)N1C(=O)C(c2ccc(OC(F)(F)F)cc2)=N[C@]12CC[C@@H](C(C)(C)C)CC2,1100.0,intermediate
CHEMBL3237916,C[C@H](c1ccc(C(=O)NCCC(=O)O)cc1)N1C(=O)C(c2ccccc2Cl)=N[C@]12CC[C@@H](C(C)(C)C)CC2,2900.0,intermediate
CHEMBL3237917,C[C@H](c1ccc(C(=O)NCc2nnn[nH]2)cc1)N1C(=O)C(c2cc(Cl)cc(Cl)c2)=N[C@]12CC[C@@H](C(C)(C)C)CC2,180.0,active
CHEMBL3237918,C[C@H](c1ccc(C(=O)Nc2nnn[nH]2)cc1)N1C(=O)C(c2cc(Cl)cc(Cl)c2)=N[C@]12CC[C@@H](C(C)(C)C)CC2,750.0,active
CHEMBL3237919,C[C@H](c1ccc(C(=O)NC[C@@H](O)C(=O)O)cc1)N1C(=O)C(c2cc(Cl)cc(Cl)c2)=N[C@]12CC[C@@H](C(C)(C)C)CC2,10000.0,inactive
CHEMBL3237920,C[C@H](c1ccc(C(=O)NC[C@H](O)C(=O)O)cc1)N1C(=O)C(c2cc(Cl)cc(Cl)c2)=N[C@]12CC[C@@H](C(C)(C)C)CC2,10000.0,inactive
CHEMBL3237921,CC(C)(C)[C@H]1CC[C@]2(CC1)N=C(c1cc(Cl)cc(Cl)c1)C(=O)N2[C@@H](c1ccc(C(=O)NCc2nn[nH]n2)cc1)C1CC1,540.0,active
CHEMBL3237922,CC[C@H](c1ccc(C(=O)NCc2nn[nH]n2)cc1)N1C(=O)C(c2cc(Cl)cc(Cl)c2)=N[C@]12CC[C@@H](C(C)(C)C)CC2,270.0,active
CHEMBL3237923,CCC[C@H](c1ccc(C(=O)NCc2nn[nH]n2)cc1)N1C(=O)C(c2cc(Cl)cc(Cl)c2)=N[C@]12CC[C@@H](C(C)(C)C)CC2,220.0,active
CHEMBL3237924,CCCC[C@H](c1ccc(C(=O)NCc2nn[nH]n2)cc1)N1C(=O)C(c2cc(Cl)cc(Cl)c2)=N[C@]12CC[C@@H](C(C)(C)C)CC2,380.0,active
CHEMBL3237925,CCCCC[C@H](c1ccc(C(=O)NCc2nn[nH]n2)cc1)N1C(=O)C(c2cc(Cl)cc(Cl)c2)=N[C@]12CC[C@@H](C(C)(C)C)CC2,130.0,active
CHEMBL3237926,CC(C)[C@H](c1ccc(C(=O)NCc2nn[nH]n2)cc1)N1C(=O)C(c2cc(Cl)cc(Cl)c2)=N[C@]12CC[C@@H](C(C)(C)C)CC2,2200.0,intermediate
CHEMBL3237927,CC(C)C[C@H](c1ccc(C(=O)NCc2nn[nH]n2)cc1)N1C(=O)C(c2cc(Cl)cc(Cl)c2)=N[C@]12CC[C@@H](C(C)(C)C)CC2,760.0,active
CHEMBL3237928,CC(C)CC[C@H](c1ccc(C(=O)NCc2nn[nH]n2)cc1)N1C(=O)C(c2cc(Cl)cc(Cl)c2)=N[C@]12CC[C@@H](C(C)(C)C)CC2,150.0,active
CHEMBL3238214,CC(C)(C)[C@H]1CC[C@]2(CC1)N=C(c1cc(Cl)cc(Cl)c1)C(=O)N2[C@H](CCC(F)(F)F)c1ccc(C(=O)NCc2nn[nH]n2)cc1,370.0,active
CHEMBL3238215,CC1(CC[C@H](c2ccc(C(=O)NCc3nn[nH]n3)cc2)N2C(=O)C(c3cc(Cl)cc(Cl)c3)=N[C@]23CC[C@@H](C(C)(C)C)CC3)CC1,100.0,active
CHEMBL3238216,CC(C)(C)CC[C@H](c1ccc(C(=O)NCc2nn[nH]n2)cc1)N1C(=O)C(c2cc(F)cc(Cl)c2)=N[C@]12CC[C@@H](C(C)(C)C)CC2,42.0,active
CHEMBL3238217,CC(C)(C)CC[C@H](c1ccc(C(=O)NCc2nn[nH]n2)cc1)N1C(=O)C(c2cc(F)cc(F)c2)=N[C@]12CC[C@@H](C(C)(C)C)CC2,110.0,active
CHEMBL3238218,CC(C)(C)CC[C@H](c1ccc(C(=O)NCc2nn[nH]n2)cc1)N1C(=O)C(c2cccc(Cl)c2)=N[C@]12CC[C@@H](C(C)(C)C)CC2,130.0,active
CHEMBL3238219,CC(C)(C)CC[C@H](c1ccc(C(=O)NCc2nn[nH]n2)cc1)N1C(=O)C(c2cccc(F)c2)=N[C@]12CC[C@@H](C(C)(C)C)CC2,140.0,active
CHEMBL3238220,CC(C)(C)CC[C@H](c1ccc(C(=O)NCc2nn[nH]n2)cc1)N1C(=O)C(c2ccc(C(F)(F)F)cc2)=N[C@]12CC[C@@H](C(C)(C)C)CC2,160.0,active
CHEMBL3238221,CC(C)(C)CC[C@H](c1ccc(C(=O)NCc2nn[nH]n2)cc1)N1C(=O)C(c2ccc(F)cc2)=N[C@]12CC[C@@H](C(C)(C)C)CC2,240.0,active
CHEMBL3238222,CC(C)(C)CC[C@H](c1ccc(C(=O)NCc2nn[nH]n2)cc1)N1C(=O)C(c2ccc(F)c(F)c2)=N[C@]12CC[C@@H](C(C)(C)C)CC2,180.0,active
CHEMBL3238223,CC(C)(C)CC[C@H](c1ccc(C(=O)NCc2nn[nH]n2)cc1)N1C(=O)C(c2cccc(C(F)(F)F)c2)=N[C@]12CC[C@@H](C(C)(C)C)CC2,180.0,active
CHEMBL3238224,COc1cccc(C2=N[C@]3(CC[C@@H](C(C)(C)C)CC3)N([C@H](CCC(C)(C)C)c3ccc(C(=O)NCc4nn[nH]n4)cc3)C2=O)c1,230.0,active
CHEMBL3238225,COc1ccc(C2=N[C@]3(CC[C@@H](C(C)(C)C)CC3)N([C@H](CCC(C)(C)C)c3ccc(C(=O)NCc4nn[nH]n4)cc3)C2=O)cc1,360.0,active
CHEMBL3238226,CC(C)(C)CC[C@H](c1ccc(C(=O)NCc2nn[nH]n2)cc1)N1C(=O)C(c2cncc(Cl)c2)=N[C@]12CC[C@@H](C(C)(C)C)CC2,480.0,active
CHEMBL3238227,CC(C)(C)CC[C@H](c1ccc(C(=O)NCc2nn[nH]n2)cc1)N1C(=O)C(c2ncccc2C(F)(F)F)=N[C@]12CC[C@@H](C(C)(C)C)CC2,1600.0,intermediate
CHEMBL3238228,CC(C)(C)CC[C@H](c1ccc(C(=O)NCc2nn[nH]n2)cc1)N1C(=O)C(c2cnccc2C(F)(F)F)=N[C@]12CC[C@@H](C(C)(C)C)CC2,1200.0,intermediate
CHEMBL3238229,CC(C)[C@H]1CC[C@]2(CC1)N=C(c1cc(Cl)cc(Cl)c1)C(=O)N2[C@H](CCC(C)(C)C)c1ccc(C(=O)NCc2nn[nH]n2)cc1,52.0,active
CHEMBL3238230,CC[C@H]1CC[C@]2(CC1)N=C(c1cc(Cl)cc(Cl)c1)C(=O)N2[C@H](CCC(C)(C)C)c1ccc(C(=O)NCc2nn[nH]n2)cc1,66.0,active
CHEMBL3238231,CC(C)(C)CC[C@H](c1ccc(C(=O)NCc2nn[nH]n2)cc1)N1C(=O)C(c2cc(Cl)cc(Cl)c2)=N[C@]12CC[C@@H](C)CC2,260.0,active
CHEMBL3238232,CC(C)(C)CC[C@H](c1ccc(C(=O)NCc2nn[nH]n2)cc1)N1C(=O)C(c2cc(Cl)cc(Cl)c2)=NC12CCCCC2,510.0,active
CHEMBL3238233,CC(C)(C)CC[C@H](c1ccc(C(=O)NCc2nnn[nH]2)cc1)N1C(=O)C(c2cc(Cl)cc(Cl)c2)=NC1(C)C,3700.0,intermediate
CHEMBL3238234,CC(C)(C)CC[C@H](c1ccc(C(=O)NCCC(=O)O)cc1)N1C(=O)C(c2cc(Cl)cc(Cl)c2)=N[C@]12CC[C@@H](C(C)(C)C)CC2,48.0,active
CHEMBL3238235,CC(C)(C)CC[C@H](c1ccc(C(=O)Nc2nnn[nH]2)cc1)N1C(=O)C(c2cc(Cl)cc(Cl)c2)=N[C@]12CC[C@@H](C(C)(C)C)CC2,850.0,active
CHEMBL3238236,CC(C)(C)CC[C@H](c1ccc(C(=O)NC[C@H](O)C(=O)O)cc1)N1C(=O)C(c2cc(Cl)cc(Cl)c2)=N[C@]12CC[C@@H](C(C)(C)C)CC2,370.0,active
CHEMBL3238237,CC(C)(C)CC[C@H](c1ccc(C(=O)NC[C@@H](O)C(=O)O)cc1)N1C(=O)C(c2cc(Cl)cc(Cl)c2)=N[C@]12CC[C@@H](C(C)(C)C)CC2,400.0,active
CHEMBL3238238,C[C@H](CC(=O)O)NC(=O)c1ccc([C@@H](CCC(C)(C)C)N2C(=O)C(c3cc(Cl)cc(Cl)c3)=N[C@]23CC[C@@H](C(C)(C)C)CC3)cc1,530.0,active
CHEMBL3238239,C[C@@H](CC(=O)O)NC(=O)c1ccc([C@@H](CCC(C)(C)C)N2C(=O)C(c3cc(Cl)cc(Cl)c3)=N[C@]23CC[C@@H](C(C)(C)C)CC3)cc1,10000.0,inactive
CHEMBL3238240,CC(C)(C)CC[C@H](c1ccc(C(=O)NCCCC(=O)O)cc1)N1C(=O)C(c2cc(Cl)cc(Cl)c2)=N[C@]12CC[C@@H](C(C)(C)C)CC2,350.0,active
CHEMBL3238241,CC(C)(C)CC[C@H](c1ccc(C(=O)NCC(=O)O)cc1)N1C(=O)C(c2cc(Cl)cc(Cl)c2)=N[C@]12CC[C@@H](C(C)(C)C)CC2,2700.0,intermediate
CHEMBL3238242,CC(C)(C)CC[C@H](c1ccc(C(=O)NCCS(=O)(=O)O)cc1)N1C(=O)C(c2cc(Cl)cc(Cl)c2)=N[C@]12CC[C@@H](C(C)(C)C)CC2,8500.0,intermediate
CHEMBL3238243,CC(C)(C)CC[C@H](c1ccc(C(=O)NCCC2=NNNN2)cc1)N1C(=O)C(c2cc(Cl)cc(Cl)c2)=N[C@]12CC[C@@H](C(C)(C)C)CC2,890.0,active
CHEMBL3238244,C[C@H](NC(=O)c1ccc([C@@H](CCC(C)(C)C)N2C(=O)C(c3cc(Cl)cc(Cl)c3)=N[C@]23CC[C@@H](C(C)(C)C)CC3)cc1)c1nnn[nH]1,10000.0,inactive
CHEMBL3238245,C[C@@H](NC(=O)c1ccc([C@@H](CCC(C)(C)C)N2C(=O)C(c3cc(Cl)cc(Cl)c3)=N[C@]23CC[C@@H](C(C)(C)C)CC3)cc1)c1nnn[nH]1,4500.0,intermediate
CHEMBL3238246,CC(C)(C)CC[C@H](c1ccc(C(=O)NCc2nn[nH]n2)cc1)N1C(=O)C(c2cc(Cl)cc(Cl)c2)=N[C@]12CC[C@@H](C(C)(C)C)CC2,46.0,active
CHEMBL3326188,CCCCCc1ccc(-c2ccoc2C(=O)NNC(=O)c2ccc(O)c([N+](=O)[O-])c2)cc1,292.0,active
CHEMBL3311308,COc1ccc(S(=O)(=O)Nc2c(C)cc(C)cc2C)cc1,50118.72,inactive
CHEMBL3617561,CC[C@H](c1ccc(C(=O)NCCC(=O)O)cc1)N1C(=O)C(N2CCCCC2)=NC12CCC(C(C)(C)C)CC2,209.0,active
CHEMBL3617562,CC(C)(C)CC[C@H](c1ccc(C(=O)NCc2nn[nH]n2)cc1)N1C(=O)C(C2CCCCC2)=NC12CCC(C(C)(C)C)CC2,290.0,active
CHEMBL3617563,CC(C)(C)CC[C@H](c1ccc(C(=O)NCCC(=O)O)cc1)N1C(=O)C(c2cccc(F)c2)=NC12CCC([Si](C)(C)C)CC2,22.0,active
CHEMBL3617564,CC(C)(C)CCOc1cccc(C2=NC3(CCC(C(C)(C)C)CC3)N([C@H](CCC(C)(C)C)c3ccc(C(=O)NCc4nn[nH]n4)cc3)C2=O)c1,61.0,active
CHEMBL3617565,CCC[C@H](c1ccc(C(=O)NCCC(=O)O)cc1)[C@H](c1ccc(OC(F)(F)F)cc1)c1c[nH]c2c(F)cc(Cl)cc12,19.2,active
CHEMBL3617572,Cc1cc(C(F)(F)F)ccc1-c1ccc(NCc2ccc(C(F)(F)F)cc2-c2ccc(C(=O)NCCC(=O)O)nc2)cc1Cl,22.0,active
CHEMBL3617574,O=C(O)CCNC(=O)c1ccc(-c2cc(Cl)ccc2CNc2ccc(-c3ccc(Cl)cc3Cl)cc2)cc1,67.0,active
CHEMBL3617575,Cc1cc(Cl)ccc1-c1ccc(NCc2cc(Cl)cc(C(F)(F)F)c2-c2ccc(C(=O)NCCC(=O)O)nc2)cc1,4.0,active
CHEMBL3616580,CCCC(c1ccc(C(=O)NCCC(=O)O)cc1)n1nc(-c2cc(C(F)(F)F)ccc2OC)c2cc(-c3ccc(OC)cc3)ccc21,10.0,active
CHEMBL3616581,CCCC(c1ccc(C(=O)NCCC(=O)O)cc1)n1nc(-c2cc(C(F)(F)F)ccc2OC)c2ccc(-c3ccc(OC)cc3)cc21,4.0,active
CHEMBL3616582,CCCC(c1ccc(C(=O)NCCC(=O)O)cc1)n1nc(-c2cc(C(F)(F)F)ccc2OC)c2cccc(-c3ccc(OC)cc3)c21,1700.0,intermediate
CHEMBL3616583,CCCC(c1ccc(C(=O)NCCC(=O)O)cc1)n1nc(-c2cc(C(F)(F)F)ccc2OC)c2cc(-c3ccc(C)cc3)ccc21,7.0,active
CHEMBL3616584,CCCC(c1ccc(C(=O)NCCC(=O)O)cc1)n1nc(-c2cc(C(F)(F)F)ccc2OC)c2ccc(-c3ccc(C)cc3)cc21,2.0,active
CHEMBL3616585,CCCC(c1ccc(C(=O)NCCC(=O)O)cc1)n1nc(-c2cc(C(F)(F)F)ccc2OC)c2cccc(-c3ccc(C)cc3)c21,780.0,active
CHEMBL3616586,CCCC(c1ccc(C(=O)NCCC(=O)O)cc1)n1cc(-c2cc(C(F)(F)F)ccc2OC)c2ccc(-c3ccc(OC)cc3)cc21,8.0,active
CHEMBL3616587,CCCC(c1ccc(C(=O)NCCC(=O)O)cc1)n1cc(-c2cc(C(F)(F)F)ccc2OC)c2ccc(-c3ccc(C)cc3)cc21,4.0,active
CHEMBL3616588,CCCC(c1ccc(C(=O)NCCC(=O)O)cc1)n1nc(-c2cc(C(F)(F)F)ccc2OC)c2ccc(-c3ccc(OC(F)(F)F)cc3)cc21,1.0,active
CHEMBL3616589,CCCC(c1ccc(C(=O)NCCC(=O)O)cc1)n1cc(-c2cc(C(F)(F)F)ccc2OC)c2ccc(-c3ccc(OC(F)(F)F)cc3)nc21,12.0,active
CHEMBL3616590,COc1ccc(OC(F)(F)F)cc1-c1nn(C(C)c2ccc(C(=O)NCCC(=O)O)cc2)c2cc(-c3ccc(OC(F)(F)F)cc3)ccc12,7.0,active
CHEMBL3616591,COc1ccc(Cl)cc1-c1nn(C(C)c2ccc(C(=O)NCCC(=O)O)cc2)c2cc(-c3ccc(OC(F)(F)F)cc3)ccc12,3.0,active
CHEMBL3616592,COc1cc(F)c(F)cc1-c1nn(C(C)c2ccc(C(=O)NCCC(=O)O)cc2)c2cc(-c3ccc(OC(F)(F)F)cc3)ccc12,4.0,active
CHEMBL3616672,CC(c1ccc(C(=O)NCCC(=O)O)cc1)n1nc(-c2cc(C(F)(F)F)ccc2F)c2ccc(-c3ccc(OC(F)(F)F)cc3)cc21,5.0,active
CHEMBL3616673,CC(c1ccc(C(=O)NCCC(=O)O)cc1)n1nc(-c2cc(F)ccc2Cl)c2ccc(-c3ccc(OC(F)(F)F)cc3)cc21,10.0,active
CHEMBL3616674,CC(c1ccc(C(=O)NCCC(=O)O)cc1)n1nc(-c2cc(F)cc(F)c2F)c2ccc(-c3ccc(OC(F)(F)F)cc3)cc21,7.0,active
CHEMBL3616675,CC(c1ccc(C(=O)NCCC(=O)O)cc1)n1nc(-c2cc(Cl)ccc2C(N)=O)c2ccc(-c3ccc(OC(F)(F)F)cc3)cc21,2.0,active
CHEMBL3616676,COc1ccncc1-c1nn(C(C)c2ccc(C(=O)NCCC(=O)O)cc2)c2cc(-c3ccc(OC(F)(F)F)cc3)ccc12,110.0,active
CHEMBL3616677,COc1cncc(-c2nn(C(C)c3ccc(C(=O)NCCC(=O)O)cc3)c3cc(-c4ccc(OC(F)(F)F)cc4)ccc23)c1,50.0,active
CHEMBL3616678,COc1ccc(-c2nn(C(C)c3ccc(C(=O)NCCC(=O)O)cc3)c3cc(-c4ccc(OC(F)(F)F)cc4)ccc23)cn1,26.0,active
CHEMBL3616679,COc1ncccc1-c1nn(C(C)c2ccc(C(=O)NCCC(=O)O)cc2)c2cc(-c3ccc(OC(F)(F)F)cc3)ccc12,72.0,active
CHEMBL3616680,CC(c1ccc(C(=O)NCCC(=O)O)cc1)n1nc(-c2ccc(F)cc2F)c2ccc(-c3ccc(OC(F)(F)F)cc3)cc21,8.0,active
CHEMBL3616681,CC(c1ccc(C(=O)NCCC(=O)O)cc1)n1nc(-c2cc(Cl)cc(C(F)(F)F)c2)c2ccc(-c3ccc(OC(F)(F)F)cc3)cc21,3.0,active
CHEMBL3616682,CC(c1ccc(C(=O)NCCC(=O)O)cc1)n1nc(-c2ccc(Cl)c(F)c2)c2ccc(-c3ccc(OC(F)(F)F)cc3)cc21,4.0,active
CHEMBL3616683,CC(c1ccc(C(=O)NCCC(=O)O)cc1)n1nc(-c2cc(F)c(F)c(F)c2)c2ccc(-c3ccc(OC(F)(F)F)cc3)cc21,6.0,active
CHEMBL3616684,CC(c1ccc(C(=O)NCCC(=O)O)cc1)n1nc(-c2ccc(C#N)cc2)c2ccc(-c3ccc(OC(F)(F)F)cc3)cc21,15.0,active
CHEMBL3616685,CC(c1ccc(C(=O)NCCC(=O)O)cc1)n1nc(C(=O)c2ccc(N(C)C)cc2)c2ccc(-c3ccc(OC(F)(F)F)cc3)cc21,40.0,active
CHEMBL3616686,COc1nccc(-c2nn(C(C)c3ccc(C(=O)NCCC(=O)O)cc3)c3cc(-c4ccc(OC(F)(F)F)cc4)ccc23)n1,35.0,active
CHEMBL3616687,CCCCC(c1ccc(C(=O)NCCC(=O)O)cc1)n1nc(-c2cc(C(F)(F)F)ccc2OC)c2ccc(-c3ccc(OC)cc3)cc21,1.9,active
CHEMBL3616688,CCCCC(c1ccc(C(=O)NCCC(=O)O)cc1)n1nc(-c2cc(C(F)(F)F)ccc2OC)c2ccc(-c3ccc(C)cc3)cc21,2.6,active
CHEMBL3616689,CCCCC(c1ccc(C(=O)NCCC(=O)O)cc1)n1nc(-c2cc(C(F)(F)F)ccc2OC)c2ccc(-c3ccc(SC)cc3)cc21,1.5,active
CHEMBL3616690,CCCCC(c1ccc(C(=O)NCCC(=O)O)cc1)n1nc(-c2cc(C(F)(F)F)ccc2OC)c2ccc(-c3ccccc3)cc21,3.0,active
CHEMBL3616691,CCCCC(c1ccc(C(=O)NCCC(=O)O)cc1)n1nc(-c2cc(C(F)(F)F)ccc2OC)c2ccc(-c3ccc(OC)cc3Cl)cc21,4.0,active
CHEMBL3616692,CCCCC(c1ccc(C(=O)NCCC(=O)O)cc1)n1nc(-c2cc(C(F)(F)F)ccc2OC)c2ccc(-c3ccc(OC)c(F)c3)cc21,1.5,active
CHEMBL3616693,CCCCC(c1ccc(C(=O)NCCC(=O)O)cc1)n1nc(-c2cc(C(F)(F)F)ccc2OC)c2ccc(-c3ccc(OC(F)(F)F)cc3)cc21,0.8,active
CHEMBL3616694,CCCCC(c1ccc(C(=O)NCCC(=O)O)cc1)n1nc(-c2cc(C(F)(F)F)ccc2OC)c2ccc(-c3ccc(C(F)(F)F)cc3)cc21,1.6,active
CHEMBL3616695,CCCCC(c1ccc(C(=O)NCCC(=O)O)cc1)n1nc(-c2cc(C(F)(F)F)ccc2OC)c2ccc(-c3ccc(OC)nc3)cc21,3.4,active
CHEMBL3616696,CCCCC(c1ccc(C(=O)NCCC(=O)O)cc1)n1nc(-c2cc(C(F)(F)F)ccc2OC)c2ccc(-c3cc(F)cc(Cl)c3)cc21,7.0,active
CHEMBL3616697,CCCCC(c1ccc(C(=O)NCCC(=O)O)cc1)n1nc(-c2cc(C(F)(F)F)ccc2OC)c2ccc(-c3ccc(C)s3)cc21,4.0,active
CHEMBL3616698,CCCCC(c1ccc(C(=O)NCCC(=O)O)cc1)n1nc(-c2cc(C(F)(F)F)ccc2OC)c2ccc(-c3cc(F)c(F)c(F)c3)cc21,3.5,active
CHEMBL3616699,COc1ccc(C(F)(F)F)cc1-c1nn(C(c2ccc(C(=O)NCCC(=O)O)cc2)C(C)C)c2cc(-c3ccc(C)cc3)ccc12,4.0,active
CHEMBL3616700,CCC(c1ccc(C(=O)NCCC(=O)O)cc1)n1nc(-c2cc(C(F)(F)F)ccc2OC)c2ccc(-c3ccc(C)cc3)cc21,4.0,active
CHEMBL3616701,COc1ccc(C(F)(F)F)cc1-c1nn(C(C)c2ccc(C(=O)NCCC(=O)O)cc2)c2cc(-c3ccc(C)cc3)ccc12,2.6,active
CHEMBL3616702,COc1ccc(C(F)(F)F)cc1-c1nn(Cc2ccc(C(=O)NCCC(=O)O)cc2)c2cc(-c3ccc(C)cc3)ccc12,39.0,active
CHEMBL3799468,COc1ccc2cc(-c3cc(-c4cc(Cl)cc(Cl)c4)nn3C3CCc4cc(C(=O)NCCC(=O)O)ccc43)ccc2c1,1500.0,intermediate
CHEMBL3800525,O=C(O)CCNC(=O)c1ccc2c(c1)CCC2n1nc(-c2cc(Cl)cc(Cl)c2)cc1-c1ccc2ccccc2c1,1200.0,intermediate
CHEMBL3797782,O=C(O)CCNC(=O)c1ccc2c(c1)CCC2n1nc(-c2cc(Cl)cc(Cl)c2)cc1-c1cccc2ccccc12,2100.0,intermediate
CHEMBL3798581,O=C(O)CCNC(=O)c1ccc2c(c1)CCC2n1nc(-c2cc(Cl)cc(Cl)c2)cc1-c1ccc(-c2ccccc2)cc1,2600.0,intermediate
CHEMBL3800146,O=C(O)CCNC(=O)c1ccc2c(c1)CCC2n1nc(-c2cc(Cl)cc(Cl)c2)cc1-c1cccs1,5300.0,intermediate
CHEMBL3799656,O=C(O)CCNC(=O)c1ccc2c(c1)CCC2n1nc(-c2cc(Cl)cc(Cl)c2)cc1-c1ccco1,10800.0,inactive
CHEMBL3800473,O=C(O)CCNC(=O)c1ccc2c(c1)CCC2n1nc(-c2cc(Cl)cc(Cl)c2)cc1-c1ccc(Cl)cc1,1400.0,intermediate
CHEMBL3798135,O=C(O)CCNC(=O)c1ccc2c(c1)CCC2n1nc(-c2cc(Cl)cc(Cl)c2)cc1-c1ccc(F)cc1,1400.0,intermediate
CHEMBL3799499,Cc1ccccc1-c1cc(-c2cc(Cl)cc(Cl)c2)nn1C1CCc2cc(C(=O)NCCC(=O)O)ccc21,6900.0,intermediate
CHEMBL3799820,O=C(O)CCNC(=O)c1ccc2c(c1)CCC2n1nc(-c2cc(Cl)cc(Cl)c2)cc1-c1ccccc1,3500.0,intermediate
CHEMBL3798231,O=C(O)CCNC(=O)c1ccc2c(c1)CCC2n1nc(-c2cc(Cl)cc(Cl)c2)cc1-c1ccc2c(c1)OCCO2,6300.0,intermediate
CHEMBL3799439,COc1cc(OC)cc(-c2cc(-c3cc(Cl)cc(Cl)c3)nn2C2CCc3cc(C(=O)NCCC(=O)O)ccc32)c1,1200.0,intermediate
CHEMBL3799802,COc1ccc2cc(-c3cc(-c4cc(Cl)cc(Cl)c4)nn3C(C)c3ccc(C(=O)NCCC(=O)O)cc3)ccc2c1,100.0,active
CHEMBL3799556,COc1ccc2cc(-c3cc(-c4cc(Cl)cc(Cl)c4)nn3C(C)c3ccc(C(=O)N4CCC(C(=O)O)CC4)cc3)ccc2c1,4500.0,intermediate
CHEMBL3798731,COc1ccc2cc(-c3cc(-c4cc(Cl)cc(Cl)c4)nn3C(C)c3ccc(C(=O)N4CCCC(C(=O)O)C4)cc3)ccc2c1,26500.0,inactive
CHEMBL3798548,COc1ccc2cc(-c3cc(-c4cc(Cl)cc(Cl)c4)nn3C(C)c3ccc(C(=O)N4CCC(C(=O)O)C4)cc3)ccc2c1,6900.0,intermediate
CHEMBL3799017,COc1ccc2cc(-c3cc(-c4cc(Cl)cc(Cl)c4)nn3C(C)c3ccc(C(=O)NCC(C)C(=O)O)cc3)ccc2c1,1600.0,intermediate
CHEMBL3798798,COc1ccc2cc(-c3cc(-c4cc(Cl)cc(Cl)c4)nn3C(C)c3ccc(C(=O)NC(CC(=O)O)c4ccccc4)cc3)ccc2c1,20800.0,inactive
CHEMBL3797757,COc1ccc2cc(-c3cc(-c4cc(Cl)cc(Cl)c4)nn3C(C)c3ccc(C(=O)NC(C)CC(=O)O)cc3)ccc2c1,1900.0,intermediate
CHEMBL3797325,CC(CC(=O)O)NC(=O)c1ccc(C(C)n2nc(-c3cc(Cl)cc(Cl)c3)cc2-c2ccc3c(c2)CCO3)cc1,13000.0,inactive
CHEMBL3798761,CC(CC(=O)O)NC(=O)c1ccc(C(C)n2nc(-c3cc(Cl)cc(Cl)c3)cc2-c2ccc(C(C)(C)C)cc2)cc1,6300.0,intermediate
CHEMBL3656280,CC(C)(C)CC[C@H](c1ccc(C(=O)NCCC(=O)O)cc1)N1C(=O)C(c2cc(Cl)cc(Cl)c2)=NC1(C)C,800.0,active
CHEMBL3656281,CC(C)(C)CC[C@H](c1ccc(C(=O)Nc2nnn[nH]2)cc1)N1C(=O)C(c2cc(Cl)cc(Cl)c2)=NC1(C)C,6200.0,intermediate
CHEMBL3656282,CC(C)CC1(C)N=C(c2cc(Cl)cc(Cl)c2)C(=O)N1[C@H](CCC(C)(C)C)c1ccc(C(=O)NCc2nnn[nH]2)cc1,1100.0,intermediate
CHEMBL3656283,CC(C)CC1(C)N=C(c2cc(Cl)cc(Cl)c2)C(=O)N1[C@H](CCC(C)(C)C)c1ccc(C(=O)Nc2nnn[nH]2)cc1,5100.0,intermediate
CHEMBL3656284,CC(C)CC1(C)N=C(c2cccc(F)c2)C(=O)N1[C@H](CCC(C)(C)C)c1ccc(C(=O)NCc2nnn[nH]2)cc1,3400.0,intermediate
CHEMBL3656285,CC(C)CC1(C)N=C(c2cc(Cl)cc(Cl)c2)C(=O)N1[C@H](CCC(C)(C)C)c1ccc(C(=O)NCCC(=O)O)cc1,600.0,active
CHEMBL3656286,CC(C)(C)CC[C@H](c1ccc(C(=O)NCCC(=O)O)cc1)N1C(=O)C(c2cccc(F)c2)=NC1(C)C,4900.0,intermediate
CHEMBL3656287,CC(C)(C)CC[C@H](c1ccc(C(=O)Nc2nnn[nH]2)cc1)N1C(=O)C(c2cccc(F)c2)=NC1(C)C,5900.0,intermediate
CHEMBL3656288,CC(C)(C)CC[C@H](c1ccc(C(=O)NCc2nnn[nH]2)cc1)N1C(=O)C(c2cccc(F)c2)=NC1(C)C,8400.0,intermediate
CHEMBL3656289,CC1(C2CCCCC2)N=C(c2cc(Cl)cc(Cl)c2)C(=O)N1CCc1ccc(C(=O)NCCC(=O)O)cc1,1700.0,intermediate
CHEMBL3656290,CC1(C)N=C(c2cc(Cl)cc(Cl)c2)C(=O)N1CCc1ccc(C(=O)NCCC(=O)O)cc1,1700.0,intermediate
CHEMBL3656291,CC(C)CC1(C)N=C(c2cc(Cl)cc(Cl)c2)C(=O)N1CCc1ccc(C(=O)NCCC(=O)O)cc1,4200.0,intermediate
CHEMBL3656292,CC1(C2CCCCC2)N=C(c2ccc(OC(F)(F)F)cc2)C(=O)N1CCc1ccc(C(=O)NCCC(=O)O)cc1,5100.0,intermediate
CHEMBL3656293,CC1(C2CCCCC2)NC(c2cccc(C(F)(F)F)c2)C(=O)N1CCc1ccc(C(=O)NCCC(=O)O)cc1,3500.0,intermediate
CHEMBL3656294,CC1(C)N=C(c2ccc(OC(F)(F)F)cc2)C(=O)N1CCc1ccc(C(=O)NCCC(=O)O)cc1,8300.0,intermediate
CHEMBL3656295,CC1(C)N=C(c2cc(Cl)cc(Cl)c2)C(=O)N1[C@@H](c1ccc(C(=O)NCCC(=O)O)cc1)C1CC1,1700.0,intermediate
CHEMBL3656296,CCCC[C@H](c1ccc(C(=O)NCCC(=O)O)cc1)N1C(=O)C(c2ccc(-c3cc(Cl)cc(Cl)c3)cc2)=NC1(C)C,1000.0,active
CHEMBL3656297,CC(C)[C@H](c1ccc(C(=O)NCCC(=O)O)cc1)N1C(=O)C(c2cc(Cl)cc(Cl)c2)=NC1(C)C,1300.0,intermediate
CHEMBL3656298,CCCC[C@H](c1ccc(C(=O)NCCC(=O)O)cc1)N1C(=O)C(c2cc(Cl)cc(Cl)c2)=NC1(C)C,2000.0,intermediate
CHEMBL4114081,CCC[C@H](c1ccc(C(=O)NCCC(=O)O)cc1)C(c1ccc(Cl)cc1)c1csc2c(C#N)cc(Cl)cc12,6.2,active
CHEMBL4114029,CCCC[C@H](c1ccc(C(=O)NCCC(=O)O)cc1)C(c1ccc(Cl)cc1)c1csc2c(-c3ccnn3C)cc(F)cc12,4.7,active
CHEMBL4110618,CCC[C@H](c1ccc(C(=O)Nc2nnn[nH]2)cc1)C(c1ccc(Cl)cc1)c1csc2c(Br)cc(C)cc12,2.3,active
CHEMBL4106672,CCC[C@H](c1ccc(C(=O)NCc2nn[nH]n2)cc1)C(c1ccc(Cl)cc1)c1csc2c(Br)cc(C)cc12,2.5,active
CHEMBL3958315,CCC[C@H](c1ccc(C(=O)NCCC(=O)O)cc1)C(c1ccc(Cl)cc1)c1csc2c(C)cc(Cl)cc12,28.0,active
CHEMBL3892787,CCC[C@H](c1ccc(C(=O)NCCC(=O)O)cc1)C(c1ccc(Cl)cc1)c1c(C)sc2ccccc12,2.2,active
CHEMBL3939861,CCC[C@H](c1ccc(C(=O)NCCC(=O)O)cc1)C(c1ccc(Cl)cc1)c1csc2c(C#N)cc(F)cc12,1.1,active
CHEMBL3926079,CCC[C@H](c1ccc(C(=O)NCCC(=O)O)cc1)C(c1ccc(Cl)cc1)c1csc2c(C#N)cc(C)cc12,1.3,active
CHEMBL3963664,CCC[C@H](c1ccc(C(=O)NCCC(=O)O)cc1)C(c1ccc(Cl)cc1)c1csc2c(C#N)cc(C(F)(F)F)cc12,1.7,active
CHEMBL3917291,CCC[C@H](c1ccc(C(=O)NCCC(=O)O)cc1)C(c1ccc(Cl)cc1)c1c(C)sc2c(C#N)cc(Cl)cc12,7.8,active
CHEMBL3898694,CCC[C@H](c1ccc(C(=O)NCCC(=O)O)cc1)C(c1ccc(Cl)c(Cl)c1)c1csc2c(C#N)cc(Cl)cc12,0.7,active
CHEMBL3898076,CCC[C@H](c1ccc(C(=O)NCCC(=O)O)cc1)C(c1ccc(OC(F)(F)F)cc1)c1csc2c(C#N)cc(C)cc12,0.2,active
CHEMBL3957356,CCC[C@H](c1ccc(C(=O)NCCC(=O)O)cc1)C(c1ccc(OC(F)(F)F)cc1)c1csc2c(C#N)cc(Cl)cc12,0.1,active
CHEMBL3918808,N#Cc1cc(Cl)cc2c(C(c3ccc(Cl)cc3)[C@H](CCC(F)(F)F)c3ccc(C(=O)NCCC(=O)O)cc3)csc12,0.2,active
CHEMBL3903921,CCCC[C@H](c1ccc(C(=O)NCCC(=O)O)cc1)C(c1ccc(Cl)cc1)c1csc2c(C#N)cc(Cl)cc12,0.4,active
CHEMBL3974805,CC(C)C[C@H](c1ccc(C(=O)NCCC(=O)O)cc1)C(c1ccc(Cl)cc1)c1csc2c(C#N)cc(Cl)cc12,1.0,active
CHEMBL3937819,CCC[C@H](c1ccc(C(=O)NCC(F)(F)C(=O)O)cc1)C(c1ccc(Cl)cc1)c1csc2c(Br)cc(C)cc12,11.8,active
CHEMBL3967446,CCC[C@H](c1ccc(C(=O)NCCS(=O)(=O)O)cc1)C(c1ccc(Cl)cc1)c1csc2c(Br)cc(C)cc12,3.4,active
CHEMBL3943204,CCC[C@H](c1ccc(C(=O)NCCC(=O)O)cc1)C(c1ccc(Cl)cc1)c1sc2ccccc2c1C,1.8,active
CHEMBL4095693,COc1cccc(C2=NC(C(F)(F)F)(C(F)(F)F)c3c(n(-c4ccc(Cl)cc4)c(=O)[nH]c3=O)N2)c1,30000.0,inactive
CHEMBL4079193,Cn1c2c(c(=O)n(C)c1=O)C(C(F)(F)F)(C(F)(F)F)N=C(c1cccc([N+](=O)[O-])c1)N2,30000.0,inactive
CHEMBL1341270,Cn1c2c(c(=O)n(C)c1=O)C(C(F)(F)F)(C(F)(F)F)NC(c1ccc(Cl)cc1)=N2,30000.0,inactive
CHEMBL4227964,COc1ccc2cc(-c3c(C)c(-c4ccc(Cl)c(Cl)c4)nn3C(C)c3ccc(C(=O)NCCC(=O)O)cc3)ccc2c1,460.0,active
CHEMBL4224961,COc1ccc2cc(-c3c(C)c(-c4cccc(C(F)(F)F)c4)nn3C(C)c3ccc(C(=O)NCCC(=O)O)cc3)ccc2c1,440.0,active
CHEMBL4227667,COc1ccc2cc(-c3c(C)c(-c4ccccc4C(F)(F)F)nn3C(C)c3ccc(C(=O)NCCC(=O)O)cc3)ccc2c1,1700.0,intermediate
CHEMBL4225050,COc1ccc2cc(-c3c(C)c(-c4cccc(C)c4)nn3C(C)c3ccc(C(=O)NCCC(=O)O)cc3)ccc2c1,740.0,active
CHEMBL4228703,COc1ccc2cc(-c3c(C)c(-c4ccccc4)nn3C(C)c3ccc(C(=O)NCCC(=O)O)cc3)ccc2c1,2690.0,intermediate
CHEMBL4228690,COc1ccc2cc(-c3c(C)c(-c4cc(Cl)cc(Cl)c4)nn3[C@H](C)c3ccc(C(=O)NCCC(=O)O)cc3)ccc2c1,1190.0,intermediate
CHEMBL4229115,COc1ccc2cc(-c3c(C)c(-c4cc(Cl)cc(Cl)c4)nn3[C@@H](C)c3ccc(C(=O)NCCC(=O)O)cc3)ccc2c1,260.0,active
CHEMBL4227364,COc1ccc2cc(-c3c(C)c(-c4cc(Cl)cc(Cl)c4)nn3C(C)c3ccc(C(=O)NCCC(=O)O)cc3)ccc2c1,220.0,active
CHEMBL4226972,CCOc1ccc2cc(-c3c(C)c(-c4cc(Cl)cc(Cl)c4)nn3C(C)c3ccc(C(=O)NCCC(=O)O)cc3)ccc2c1,370.0,active
CHEMBL4227229,Cc1c(-c2cc(Cl)cc(Cl)c2)nn(C(C)c2ccc(C(=O)NCCC(=O)O)cc2)c1-c1ccc2ccccc2c1,330.0,active
CHEMBL4226770,Cc1c(-c2cc(Cl)cc(Cl)c2)nn(C(C)c2ccc(C(=O)NCCC(=O)O)cc2)c1-c1cccc2ccccc12,17060.0,inactive
CHEMBL4227099,Cc1c(-c2cc(Cl)cc(Cl)c2)nn(C(C)c2ccc(C(=O)NCCC(=O)O)cc2)c1-c1ccc2c(ccn2C)c1,2310.0,intermediate
CHEMBL4228938,Cc1c(-c2cc(Cl)cc(Cl)c2)nn(C(C)c2ccc(C(=O)NCCC(=O)O)cc2)c1-c1ccc2[nH]ccc2c1,5520.0,intermediate
CHEMBL4228281,Cc1c(-c2cc(Cl)cc(Cl)c2)nn(C(C)c2ccc(C(=O)NCCC(=O)O)cc2)c1-c1ccc2occc2c1,1290.0,intermediate
CHEMBL4226911,Cc1c(-c2cc(Cl)cc(Cl)c2)nn(C(C)c2ccc(C(=O)NCCC(=O)O)cc2)c1-c1ccc2ncccc2c1,2030.0,intermediate
CHEMBL4227906,Cc1c(-c2cc(Cl)cc(Cl)c2)nn(C(C)c2ccc(C(=O)NCCC(=O)O)cc2)c1-c1cccs1,880.0,active
CHEMBL4225922,Cc1c(-c2cc(Cl)cc(Cl)c2)nn(C(C)c2ccc(C(=O)NCCC(=O)O)cc2)c1-c1cccc(-c2ccccc2)c1,450.0,active
CHEMBL4227634,Cc1c(-c2cc(Cl)cc(Cl)c2)nn(C(C)c2ccc(C(=O)NCCC(=O)O)cc2)c1-c1ccccc1-c1ccccc1,1490.0,intermediate
CHEMBL4228470,Cc1ccc(-c2c(C)c(-c3cc(Cl)cc(Cl)c3)nn2C(C)c2ccc(C(=O)NCCC(=O)O)cc2)cc1,830.0,active
CHEMBL4227372,Cc1cccc(-c2c(C)c(-c3cc(Cl)cc(Cl)c3)nn2C(C)c2ccc(C(=O)NCCC(=O)O)cc2)c1,450.0,active
CHEMBL4228215,Cc1c(-c2cc(Cl)cc(Cl)c2)nn(C(C)c2ccc(C(=O)NCCC(=O)O)cc2)c1-c1ccccc1,800.0,active
CHEMBL4227111,COc1ccc2cc(-c3c(C)c(-c4cc(Cl)cc(Cl)c4)nn3Cc3ccc(C(=O)NCCC(=O)O)cc3)ccc2c1,7530.0,intermediate
CHEMBL4227967,Cc1c(-c2cc(Cl)cc(Cl)c2)nn(Cc2ccc(C(=O)NCCC(=O)O)cc2)c1-c1cccc2ccccc12,2380.0,intermediate
CHEMBL4227068,Cc1c(-c2cc(Cl)cc(Cl)c2)nn(Cc2ccc(C(=O)NCCC(=O)O)cc2)c1-c1ccc(Cl)cc1,27340.0,inactive
CHEMBL4288074,CCCCC(Oc1ncc(-c2ccccc2)cn1)c1ccc(C(=O)NCCC(=O)O)cc1,4100.0,intermediate
CHEMBL4284236,CCCCC(Oc1ncc(-c2ccc(C(C)(C)C)cc2)cn1)c1ccc(C(=O)NCCC(=O)O)cc1,6000.0,intermediate
CHEMBL4279713,CCCCC(Oc1ncc(-c2cc(Cl)cc(Cl)c2)cn1)c1ccc(C(=O)NCCC(=O)O)cc1,6900.0,intermediate
CHEMBL4278513,CCCCC(Oc1ncc(-c2ccc(Oc3ccccc3)cc2)cn1)c1ccc(C(=O)NCCC(=O)O)cc1,8200.0,intermediate
CHEMBL4288863,CCCCC(Oc1ncc(-c2ccc(CC)cc2)cn1)c1ccc(C(=O)NCCC(=O)O)cc1,17700.0,inactive
CHEMBL4294427,CCCC[C@H](Oc1ncc(-c2ccccc2)cn1)c1ccc(C(=O)NCCC(=O)O)cc1,8500.0,intermediate
CHEMBL4289916,CCCC[C@@H](Oc1ncc(-c2ccccc2)cn1)c1ccc(C(=O)NCCC(=O)O)cc1,9300.0,intermediate
CHEMBL413890,CSCC[C@H](NC(=O)[C@H](CC(C)C)NC(=O)[C@H](Cc1c[nH]c2ccccc12)NC(=O)[C@H](CCC(N)=O)NC(=O)[C@@H](NC(=O)[C@H](Cc1ccccc1)NC(=O)[C@H](CC(=O)O)NC(=O)[C@H](CCC(N)=O)NC(=O)[C@H](C)NC(=O)[C@H](CCCN=C(N)N)NC(=O)[C@H](CCCN=C(N)N)NC(=O)[C@H](CO)NC(=O)[C@H](CC(=O)O)NC(=O)[C@H](CC(C)C)NC(=O)[C@H](Cc1ccc(O)cc1)NC(=O)[C@H](CCCCN)NC(=O)[C@H](CO)NC(=O)[C@H](Cc1ccc(O)cc1)NC(=O)[C@H](CCC(=O)O)NC(=O)[C@H](CO)NC(=O)[C@@H](NC(=O)[C@H](Cc1ccccc1)NC(=O)[C@@H](NC(=O)CNC(=O)[C@H](CCC(N)=O)NC(=O)[C@@H](N)CO)[C@@H](C)O)[C@@H](C)O)C(C)C)C(=O)N[C@@H](CC(N)=O)C(=O)N[C@H](C(N)=O)[C@@H](C)O,14.08,active
CHEMBL4852725,CSCC[C@H](NC(=O)[C@H](CC(C)C)NC(=O)[C@H](Cc1c[nH]c2ccccc12)NC(=O)[C@H](CCC(N)=O)NC(=O)[C@@H](NC(=O)[C@H](Cc1ccccc1)NC(=O)[C@H](CC(=O)O)NC(=O)[C@H](CCC(N)=O)NC(=O)[C@H](C)NC(=O)[C@H](CCCNC(=N)N)NC(=O)[C@H](CCCNC(=N)N)NC(=O)[C@H](CO)NC(=O)[C@H](CC(=O)O)NC(=O)[C@H](CC(C)C)NC(=O)[C@H](Cc1ccc(O)cc1)NC(=O)[C@H](CCCCN)NC(=O)[C@H](CO)NC(=O)[C@H](Cc1ccc(O)cc1)NC(=O)[C@H](CCCC(=O)O)NC(=O)[C@H](CO)NC(=O)[C@@H](NC(=O)[C@H](Cc1ccccc1)NC(=O)[C@@H](NC(=O)CNC(=O)[C@H](CCC(N)=O)NC(=O)[C@@H](N)CO)[C@@H](C)O)[C@@H](C)O)C(C)C)C(=O)N[C@@H](CC(N)=O)C(=O)N[C@H](C(N)=O)[C@@H](C)O,8.1,active
CHEMBL4866685,CSCC[C@H](NC(=O)[C@H](CC(C)C)NC(=O)[C@H](Cc1c[nH]c2ccccc12)NC(=O)[C@H](CCC(N)=O)NC(=O)[C@@H](NC(=O)[C@H](Cc1ccccc1)NC(=O)[C@H](CC(=O)O)NC(=O)[C@H](CCC(N)=O)NC(=O)[C@H](C)NC(=O)[C@H](CCCNC(=N)N)NC(=O)[C@H](CCCNC(=N)N)NC(=O)[C@H](CO)NC(=O)[C@H](CC(=O)O)NC(=O)[C@H](CC(C)C)NC(=O)[C@H](Cc1ccc(O)cc1)NC(=O)[C@H](CCCCN)NC(=O)[C@H](CO)NC(=O)[C@H](Cc1ccc(O)cc1)NC(=O)[C@H](CSCC(=O)O)NC(=O)[C@H](CO)NC(=O)[C@@H](NC(=O)[C@H](Cc1ccccc1)NC(=O)[C@@H](NC(=O)CNC(=O)[C@H](CCC(N)=O)NC(=O)[C@@H](N)CO)[C@@H](C)O)[C@@H](C)O)C(C)C)C(=O)N[C@@H](CC(N)=O)C(=O)N[C@H](C(N)=O)[C@@H](C)O,12.66,active
CHEMBL4865371,CSCC[C@H](NC(=O)[C@H](CC(C)C)NC(=O)[C@H](Cc1c[nH]c2ccccc12)NC(=O)[C@H](CCC(N)=O)NC(=O)[C@@H](NC(=O)[C@H](Cc1ccccc1)NC(=O)[C@H](CC(=O)O)NC(=O)[C@H](CCC(N)=O)NC(=O)[C@H](C)NC(=O)[C@H](CCCNC(=N)N)NC(=O)[C@H](CCCNC(=N)N)NC(=O)[C@H](CO)NC(=O)[C@H](CC(=O)O)NC(=O)[C@H](CC(C)C)NC(=O)[C@H](Cc1ccc(O)cc1)NC(=O)[C@H](CCCCN)NC(=O)[C@H](CO)NC(=O)[C@H](Cc1ccc(O)cc1)NC(=O)[C@H](CSCCC(=O)O)NC(=O)[C@H](CO)NC(=O)[C@@H](NC(=O)[C@H](Cc1ccccc1)NC(=O)[C@@H](NC(=O)CNC(=O)[C@H](CCC(N)=O)NC(=O)[C@@H](N)CO)[C@@H](C)O)[C@@H](C)O)C(C)C)C(=O)N[C@@H](CC(N)=O)C(=O)N[C@H](C(N)=O)[C@@H](C)O,13.28,active
CHEMBL4857992,CSCC[C@H](NC(=O)[C@H](CC(C)C)NC(=O)[C@H](Cc1c[nH]c2ccccc12)NC(=O)[C@H](CCC(N)=O)NC(=O)[C@@H](NC(=O)[C@H](Cc1ccccc1)NC(=O)[C@H](CC(=O)O)NC(=O)[C@H](CCC(N)=O)NC(=O)[C@H](C)NC(=O)[C@H](CCCNC(=N)N)NC(=O)[C@H](CCCNC(=N)N)NC(=O)[C@H](CO)NC(=O)[C@H](CC(=O)O)NC(=O)[C@H](CC(C)C)NC(=O)[C@H](Cc1ccc(O)cc1)NC(=O)[C@H](CCCCN)NC(=O)[C@H](CO)NC(=O)[C@H](Cc1ccc(O)cc1)NC(=O)C[C@H](CCC(=O)O)NC(=O)[C@H](CO)NC(=O)[C@@H](NC(=O)[C@H](Cc1ccccc1)NC(=O)[C@@H](NC(=O)CNC(=O)[C@H](CCC(N)=O)NC(=O)[C@@H](N)CO)[C@@H](C)O)[C@@H](C)O)C(C)C)C(=O)N[C@@H](CC(N)=O)C(=O)N[C@H](C(N)=O)[C@@H](C)O,37.1,active
CHEMBL4846293,CSCC[C@H](NC(=O)[C@H](CC(C)C)NC(=O)[C@H](Cc1c[nH]c2ccccc12)NC(=O)[C@H](CCC(N)=O)NC(=O)[C@@H](NC(=O)[C@H](Cc1ccccc1)NC(=O)[C@H](CC(=O)O)NC(=O)[C@H](CCC(N)=O)NC(=O)[C@H](C)NC(=O)[C@H](CCCNC(=N)N)NC(=O)[C@H](CCCNC(=N)N)NC(=O)[C@H](CO)NC(=O)[C@H](CC(=O)O)NC(=O)[C@H](CC(C)C)NC(=O)[C@H](Cc1ccc(O)cc1)NC(=O)[C@H](CCCCN)NC(=O)[C@H](CO)NC(=O)[C@H](Cc1ccc(O)cc1)NC(=O)CN(CCC(=O)O)C(=O)[C@H](CO)NC(=O)[C@@H](NC(=O)[C@H](Cc1ccccc1)NC(=O)[C@@H](NC(=O)CNC(=O)[C@H](CCC(N)=O)NC(=O)[C@@H](N)CO)[C@@H](C)O)[C@@H](C)O)C(C)C)C(=O)N[C@@H](CC(N)=O)C(=O)N[C@H](C(N)=O)[C@@H](C)O,983.0,active
CHEMBL4848485,CSCC[C@H](NC(=O)[C@H](CC(C)C)NC(=O)[C@H](Cc1c[nH]c2ccccc12)NC(=O)[C@H](CCC(N)=O)NC(=O)[C@@H](NC(=O)[C@H](Cc1ccccc1)NC(=O)[C@H](CC(=O)O)NC(=O)[C@H](CCC(N)=O)NC(=O)[C@H](C)NC(=O)[C@H](CCCNC(=N)N)NC(=O)[C@H](CCCNC(=N)N)NC(=O)[C@H](CO)NC(=O)[C@H](CC(=O)O)NC(=O)[C@H](CC(C)C)NC(=O)[C@H](Cc1ccc(O)cc1)NC(=O)[C@H](CCCCN)NC(=O)[C@H](CO)NC(=O)[C@H](Cc1ccc(O)cc1)NC(=O)CN(CCCC(=O)O)C(=O)[C@H](CO)NC(=O)[C@@H](NC(=O)[C@H](Cc1ccccc1)NC(=O)[C@@H](NC(=O)CNC(=O)[C@H](CCC(N)=O)NC(=O)[C@@H](N)CO)[C@@H](C)O)[C@@H](C)O)C(C)C)C(=O)N[C@@H](CC(N)=O)C(=O)N[C@H](C(N)=O)[C@@H](C)O,2348.0,intermediate
CHEMBL4875380,CSCC[C@H](NC(=O)[C@H](CC(C)C)NC(=O)[C@H](Cc1c[nH]c2ccccc12)NC(=O)[C@H](CCC(N)=O)NC(=O)[C@@H](NC(=O)[C@H](Cc1ccccc1)NC(=O)[C@H](CC(=O)O)NC(=O)[C@H](CCC(N)=O)NC(=O)[C@H](C)NC(=O)[C@H](CCCNC(=N)N)NC(=O)[C@H](CCCNC(=N)N)NC(=O)[C@H](CO)NC(=O)[C@H](CC(=O)O)NC(=O)[C@H](CC(C)C)NC(=O)[C@H](Cc1ccc(O)cc1)NC(=O)[C@H](CCCCN)NC(=O)[C@H](CO)NC(=O)[C@H](Cc1ccc(O)cc1)NC(=O)[C@H](CCC(=O)O)NC(=O)[C@H](CO)NC(=O)[C@@H](NC(=O)[C@H](Cc1ccccc1)NC(=O)[C@@H](NC(=O)CN)[C@@H](C)O)[C@@H](C)O)C(C)C)C(=O)N[C@@H](CC(N)=O)C(=O)N[C@H](C(N)=O)[C@@H](C)O,136.0,active
CHEMBL4848344,CSCC[C@H](NC(=O)[C@H](CC(C)C)NC(=O)[C@H](Cc1c[nH]c2ccccc12)NC(=O)[C@H](CCC(N)=O)NC(=O)[C@@H](NC(=O)[C@H](Cc1ccccc1)NC(=O)[C@H](CC(=O)O)NC(=O)[C@H](CCC(N)=O)NC(=O)[C@H](C)NC(=O)[C@H](CCCNC(=N)N)NC(=O)[C@H](CCCNC(=N)N)NC(=O)[C@H](CO)NC(=O)[C@H](CC(=O)O)NC(=O)[C@H](CC(C)C)NC(=O)[C@H](Cc1ccc(O)cc1)NC(=O)[C@H](CCCCN)NC(=O)[C@H](CO)NC(=O)[C@H](Cc1ccc(O)cc1)NC(=O)[C@H](CCC(=O)O)NC(=O)[C@H](CO)NC(=O)[C@@H](NC(=O)[C@H](Cc1ccccc1)NC(=O)[C@@H](NC(=O)[C@@H](N)CC(C)C)[C@@H](C)O)[C@@H](C)O)C(C)C)C(=O)N[C@@H](CC(N)=O)C(=O)N[C@H](C(N)=O)[C@@H](C)O,36.38,active
CHEMBL4865509,CSCC[C@H](NC(=O)[C@H](CC(C)C)NC(=O)[C@H](Cc1c[nH]c2ccccc12)NC(=O)[C@H](CCC(N)=O)NC(=O)[C@@H](NC(=O)[C@H](Cc1ccccc1)NC(=O)[C@H](CC(=O)O)NC(=O)[C@H](CCC(N)=O)NC(=O)[C@H](C)NC(=O)[C@H](CCCNC(=N)N)NC(=O)[C@H](CCCNC(=N)N)NC(=O)[C@H](CO)NC(=O)[C@H](CC(=O)O)NC(=O)[C@H](CC(C)C)NC(=O)[C@H](Cc1ccc(O)cc1)NC(=O)[C@H](CCCCN)NC(=O)[C@H](CO)NC(=O)[C@H](Cc1ccc(O)cc1)NC(=O)[C@H](CCC(=O)O)NC(=O)[C@H](CO)NC(=O)[C@@H](NC(=O)[C@H](Cc1ccccc1)NC(=O)[C@@H](N)[C@@H](C)O)[C@@H](C)O)C(C)C)C(=O)N[C@@H](CC(N)=O)C(=O)N[C@H](C(N)=O)[C@@H](C)O,37.38,active
CHEMBL4861024,CSCC[C@H](NC(=O)[C@H](CC(C)C)NC(=O)[C@H](Cc1c[nH]c2ccccc12)NC(=O)[C@H](CCC(N)=O)NC(=O)[C@@H](NC(=O)[C@H](Cc1ccccc1)NC(=O)[C@H](CC(=O)O)NC(=O)[C@H](CCC(N)=O)NC(=O)[C@H](C)NC(=O)[C@H](CCCNC(=N)N)NC(=O)[C@H](CCCNC(=N)N)NC(=O)[C@H](CO)NC(=O)[C@H](CC(=O)O)NC(=O)[C@H](CC(C)C)NC(=O)[C@H](Cc1ccc(O)cc1)NC(=O)[C@H](CCCCN)NC(=O)[C@H](CO)NC(=O)[C@H](Cc1ccc(O)cc1)NC(=O)[C@H](CCC(=O)O)NC(=O)[C@H](CO)NC(=O)[C@@H](NC(=O)[C@@H](N)Cc1ccccc1)[C@@H](C)O)C(C)C)C(=O)N[C@@H](CC(N)=O)C(=O)N[C@H](C(N)=O)[C@@H](C)O,36.35,active
CHEMBL437471,CSCC[C@H](NC(=O)[C@H](CC(C)C)NC(=O)[C@H](Cc1c[nH]c2ccccc12)NC(=O)[C@H](CCC(N)=O)NC(=O)[C@@H](NC(=O)[C@H](Cc1ccccc1)NC(=O)[C@H](CC(=O)O)NC(=O)[C@H](CCC(N)=O)NC(=O)[C@H](C)NC(=O)[C@H](CCCN=C(N)N)NC(=O)[C@H](CCCN=C(N)N)NC(=O)[C@H](CO)NC(=O)[C@H](CC(=O)O)NC(=O)[C@H](CC(C)C)NC(=O)[C@H](Cc1ccc(O)cc1)NC(=O)[C@H](CCCCN)NC(=O)[C@H](CO)NC(=O)[C@H](Cc1ccc(O)cc1)NC(=O)[C@H](CCC(=O)O)NC(=O)[C@H](CO)NC(=O)[C@@H](N)[C@@H](C)O)C(C)C)C(=O)N[C@@H](CC(N)=O)C(=O)N[C@H](C(N)=O)[C@@H](C)O,10000.0,inactive
CHEMBL4876913,CSCC[C@H](NC(=O)[C@H](CC(C)C)NC(=O)[C@H](Cc1c[nH]c2ccccc12)NC(=O)[C@H](CCC(N)=O)NC(=O)[C@@H](NC(=O)[C@H](Cc1ccccc1)NC(=O)[C@H](CC(=O)O)NC(=O)[C@H](CCC(N)=O)NC(=O)[C@H](C)NC(=O)[C@H](CCCNC(=N)N)NC(=O)[C@H](CCCNC(=N)N)NC(=O)[C@H](CO)NC(=O)[C@H](CC(=O)O)NC(=O)[C@H](CC(C)C)NC(=O)[C@H](Cc1ccc(O)cc1)NC(=O)[C@H](CCCCN)NC(=O)[C@H](CO)NC(=O)[C@H](Cc1ccc(O)cc1)NC(=O)[C@H](CCCC(=O)O)NC(=O)[C@H](CO)NC(=O)[C@@H](NC(=O)[C@@H](N)Cc1ccccc1)[C@@H](C)O)C(C)C)C(=O)N[C@@H](CC(N)=O)C(=O)N[C@H](C(N)=O)[C@@H](C)O,162.9,active
CHEMBL4876838,CSCC[C@H](NC(=O)[C@H](CC(C)C)NC(=O)[C@H](Cc1c[nH]c2ccccc12)NC(=O)[C@H](CCC(N)=O)NC(=O)[C@@H](NC(=O)[C@H](Cc1ccccc1)NC(=O)[C@H](CC(=O)O)NC(=O)[C@H](CCC(N)=O)NC(=O)[C@H](C)NC(=O)[C@H](CCCNC(=N)N)NC(=O)[C@H](CCCNC(=N)N)NC(=O)[C@H](CO)NC(=O)[C@H](CC(=O)O)NC(=O)[C@H](CC(C)C)NC(=O)[C@H](Cc1ccc(O)cc1)NC(=O)[C@H](CCCCN)NC(=O)[C@H](CO)NC(=O)[C@H](Cc1ccc(O)cc1)NC(=O)[C@H](CSCC(=O)O)NC(=O)[C@H](CO)NC(=O)[C@@H](NC(=O)[C@@H](N)Cc1ccccc1)[C@@H](C)O)C(C)C)C(=O)N[C@@H](CC(N)=O)C(=O)N[C@H](C(N)=O)[C@@H](C)O,107.3,active
CHEMBL4860642,CSCC[C@H](NC(=O)[C@H](CC(C)C)NC(=O)[C@H](Cc1c[nH]c2ccccc12)NC(=O)[C@H](CCC(N)=O)NC(=O)[C@@H](NC(=O)[C@H](Cc1ccccc1)NC(=O)[C@H](CC(=O)O)NC(=O)[C@H](CCC(N)=O)NC(=O)[C@H](C)NC(=O)[C@H](CCCNC(=N)N)NC(=O)[C@H](CCCNC(=N)N)NC(=O)[C@H](CO)NC(=O)[C@H](CC(=O)O)NC(=O)[C@H](CC(C)C)NC(=O)[C@H](Cc1ccc(O)cc1)NC(=O)[C@H](CCCCN)NC(=O)[C@H](CO)NC(=O)[C@H](Cc1ccc(O)cc1)NC(=O)[C@H](CSCCC(=O)O)NC(=O)[C@H](CO)NC(=O)[C@@H](NC(=O)[C@@H](N)Cc1ccccc1)[C@@H](C)O)C(C)C)C(=O)N[C@@H](CC(N)=O)C(=O)N[C@H](C(N)=O)[C@@H](C)O,146.4,active
CHEMBL4850520,CSCC[C@H](NC(=O)[C@H](CC(C)C)NC(=O)[C@H](Cc1c[nH]c2ccccc12)NC(=O)[C@H](CCC(N)=O)NC(=O)[C@@H](NC(=O)[C@H](Cc1ccccc1)NC(=O)[C@H](CC(=O)O)NC(=O)[C@H](CCC(N)=O)NC(=O)[C@H](C)NC(=O)[C@H](CCCNC(=N)N)NC(=O)[C@H](CCCNC(=N)N)NC(=O)[C@H](CO)NC(=O)[C@H](CC(=O)O)NC(=O)[C@H](CC(C)C)NC(=O)[C@H](Cc1ccc(O)cc1)NC(=O)[C@H](CCCCN)NC(=O)[C@H](CO)NC(=O)[C@H](Cc1ccc(O)cc1)NC(=O)[C@H](CC(=O)O)NC(=O)[C@H](CO)NC(=O)[C@@H](NC(=O)[C@@H](N)Cc1ccccc1)[C@@H](C)O)C(C)C)C(=O)N[C@@H](CC(N)=O)C(=O)N[C@H](C(N)=O)[C@@H](C)O,1894.0,intermediate
CHEMBL4873721,CSCC[C@H](NC(=O)[C@H](CC(C)C)NC(=O)[C@H](Cc1c[nH]c2ccccc12)NC(=O)[C@H](CCC(N)=O)NC(=O)[C@@H](NC(=O)[C@H](Cc1ccccc1)NC(=O)[C@H](CC(=O)O)NC(=O)[C@H](CCC(N)=O)NC(=O)[C@H](C)NC(=O)[C@H](CCCNC(=N)N)NC(=O)[C@H](CCCNC(=N)N)NC(=O)[C@H](CO)NC(=O)[C@H](CC(=O)O)NC(=O)[C@H](CC(C)C)NC(=O)[C@H](Cc1ccc(O)cc1)NC(=O)[C@H](CCCCN)NC(=O)[C@H](CO)NC(=O)[C@H](Cc1ccc(O)cc1)NC(=O)[C@H](CCCCN)NC(=O)[C@H](CO)NC(=O)[C@@H](NC(=O)[C@@H](N)Cc1ccccc1)[C@@H](C)O)C(C)C)C(=O)N[C@@H](CC(N)=O)C(=O)N[C@H](C(N)=O)[C@@H](C)O,5779.0,intermediate
CHEMBL4869368,CSCC[C@H](NC(=O)[C@H](CC(C)C)NC(=O)[C@H](Cc1c[nH]c2ccccc12)NC(=O)[C@H](CCC(N)=O)NC(=O)[C@@H](NC(=O)[C@H](Cc1ccccc1)NC(=O)[C@H](CC(=O)O)NC(=O)[C@H](CCC(N)=O)NC(=O)[C@H](C)NC(=O)[C@H](CCCNC(=N)N)NC(=O)[C@H](CCCNC(=N)N)NC(=O)[C@H](CO)NC(=O)[C@H](CC(=O)O)NC(=O)[C@H](CC(C)C)NC(=O)[C@H](Cc1ccc(O)cc1)NC(=O)[C@H](CCCCN)NC(=O)[C@H](CO)NC(=O)[C@H](Cc1ccc(O)cc1)NC(=O)[C@H](CCC(=O)O)NC(=O)[C@H](CO)NC(=O)[C@@H](NC(=O)[C@@H](N)Cc1ccc(F)c(F)c1)[C@@H](C)O)C(C)C)C(=O)N[C@@H](CC(N)=O)C(=O)N[C@H](C(N)=O)[C@@H](C)O,36.7,active
CHEMBL4875003,CSCC[C@H](NC(=O)[C@H](CC(C)C)NC(=O)[C@H](Cc1c[nH]c2ccccc12)NC(=O)[C@H](CCC(N)=O)NC(=O)[C@@H](NC(=O)[C@H](Cc1ccccc1)NC(=O)[C@H](CC(=O)O)NC(=O)[C@H](CCC(N)=O)NC(=O)[C@H](C)NC(=O)[C@H](CCCNC(=N)N)NC(=O)[C@H](CCCNC(=N)N)NC(=O)[C@H](CO)NC(=O)[C@H](CC(=O)O)NC(=O)[C@H](CC(C)C)NC(=O)[C@H](Cc1ccc(O)cc1)NC(=O)[C@H](CCCCN)NC(=O)[C@H](CO)NC(=O)[C@H](Cc1ccc(O)cc1)NC(=O)[C@H](CCC(=O)O)NC(=O)[C@H](CO)NC(=O)[C@@H](NC(=O)[C@@H](N)Cc1ccc2ccccc2c1)[C@@H](C)O)C(C)C)C(=O)N[C@@H](CC(N)=O)C(=O)N[C@H](C(N)=O)[C@@H](C)O,95.16,active
CHEMBL4876499,CSCC[C@H](NC(=O)[C@H](CC(C)C)NC(=O)[C@H](Cc1c[nH]c2ccccc12)NC(=O)[C@H](CCC(N)=O)NC(=O)[C@@H](NC(=O)[C@H](Cc1ccccc1)NC(=O)[C@H](CC(=O)O)NC(=O)[C@H](CCC(N)=O)NC(=O)[C@H](C)NC(=O)[C@H](CCCNC(=N)N)NC(=O)[C@H](CCCNC(=N)N)NC(=O)[C@H](CO)NC(=O)[C@H](CC(=O)O)NC(=O)[C@H](CC(C)C)NC(=O)[C@H](Cc1ccc(O)cc1)NC(=O)[C@H](CCCCN)NC(=O)[C@H](CO)NC(=O)[C@H](Cc1ccc(O)cc1)NC(=O)[C@H](CCC(=O)O)NC(=O)[C@H](CO)NC(=O)[C@@H](NC(=O)[C@H](Cc1ccccc1)NC(C)=O)[C@@H](C)O)C(C)C)C(=O)N[C@@H](CC(N)=O)C(=O)N[C@H](C(N)=O)[C@@H](C)O,37.09,active
CHEMBL4849980,CSCC[C@H](NC(=O)[C@H](CC(C)C)NC(=O)[C@H](Cc1c[nH]c2ccccc12)NC(=O)[C@H](CCC(N)=O)NC(=O)[C@@H](NC(=O)[C@H](Cc1ccccc1)NC(=O)[C@H](CC(=O)O)NC(=O)[C@H](CCC(N)=O)NC(=O)[C@H](C)NC(=O)[C@H](CCCNC(=N)N)NC(=O)[C@H](CCCNC(=N)N)NC(=O)[C@H](CO)NC(=O)[C@H](CC(=O)O)NC(=O)[C@H](CC(C)C)NC(=O)[C@H](Cc1ccc(O)cc1)NC(=O)[C@H](CCCCN)NC(=O)[C@H](CO)NC(=O)[C@H](Cc1ccc(O)cc1)NC(=O)[C@H](CCC(=O)O)NC(=O)[C@H](CO)NC(=O)[C@@H](NC(=O)[C@@H](O)Cc1ccccc1)[C@@H](C)O)C(C)C)C(=O)N[C@@H](CC(N)=O)C(=O)N[C@H](C(N)=O)[C@@H](C)O,12.34,active
CHEMBL4870505,CSCC[C@H](NC(=O)[C@H](CC(C)C)NC(=O)[C@H](Cc1c[nH]c2ccccc12)NC(=O)[C@H](CCC(N)=O)NC(=O)[C@@H](NC(=O)[C@H](Cc1ccccc1)NC(=O)[C@H](CC(=O)O)NC(=O)[C@H](CCC(N)=O)NC(=O)[C@H](C)NC(=O)[C@H](CCCNC(=N)N)NC(=O)[C@H](CCCNC(=N)N)NC(=O)[C@H](CO)NC(=O)[C@H](CC(=O)O)NC(=O)[C@H](CC(C)C)NC(=O)[C@H](Cc1ccc(O)cc1)NC(=O)[C@H](CCCCN)NC(=O)[C@H](CO)NC(=O)[C@H](Cc1ccc(O)cc1)NC(=O)[C@H](CCC(=O)O)NC(=O)[C@H](CO)NC(=O)[C@@H](NC(=O)C(C)Cc1ccccc1)[C@@H](C)O)C(C)C)C(=O)N[C@@H](CC(N)=O)C(=O)N[C@H](C(N)=O)[C@@H](C)O,114.4,active
CHEMBL4870133,CSCC[C@H](NC(=O)[C@H](CC(C)C)NC(=O)[C@H](Cc1c[nH]c2ccccc12)NC(=O)[C@H](CCC(N)=O)NC(=O)[C@@H](NC(=O)[C@H](Cc1ccccc1)NC(=O)[C@H](CC(=O)O)NC(=O)[C@H](CCC(N)=O)NC(=O)[C@H](C)NC(=O)[C@H](CCCNC(=N)N)NC(=O)[C@H](CCCNC(=N)N)NC(=O)[C@H](CO)NC(=O)[C@H](CC(=O)O)NC(=O)[C@H](CC(C)C)NC(=O)[C@H](Cc1ccc(O)cc1)NC(=O)[C@H](CCCCN)NC(=O)[C@H](CO)NC(=O)[C@H](Cc1ccc(O)cc1)NC(=O)[C@H](CCC(=O)O)NC(=O)[C@H](CO)NC(=O)[C@@H](NC(=O)C(Cc1ccccc1)C(=O)O)[C@@H](C)O)C(C)C)C(=O)N[C@@H](CC(N)=O)C(=O)N[C@H](C(N)=O)[C@@H](C)O,80.56,active
CHEMBL4867132,CSCC[C@H](NC(=O)[C@H](CC(C)C)NC(=O)[C@H](Cc1c[nH]c2ccccc12)NC(=O)[C@H](CCC(N)=O)NC(=O)[C@@H](NC(=O)[C@H](Cc1ccccc1)NC(=O)[C@H](CC(=O)O)NC(=O)[C@H](CCC(N)=O)NC(=O)[C@H](C)NC(=O)[C@H](CCCNC(=N)N)NC(=O)[C@H](CCCNC(=N)N)NC(=O)[C@H](CO)NC(=O)[C@H](CC(=O)O)NC(=O)[C@H](CC(C)C)NC(=O)[C@H](Cc1ccc(O)cc1)NC(=O)[C@H](CCCCN)NC(=O)[C@H](CO)NC(=O)[C@H](Cc1ccc(O)cc1)NC(=O)[C@H](CC(=O)O)NC(=O)[C@H](CO)NC(=O)[C@@H](NC(=O)[C@@H](O)Cc1ccccc1)[C@@H](C)O)C(C)C)C(=O)N[C@@H](CC(N)=O)C(=O)N[C@H](C(N)=O)[C@@H](C)O,13.85,active
CHEMBL4853767,CSCC[C@H](NC(=O)[C@H](CC(C)C)NC(=O)[C@H](Cc1c[nH]c2ccccc12)NC(=O)[C@H](CCC(N)=O)NC(=O)[C@@H](NC(=O)[C@H](Cc1ccccc1)NC(=O)[C@H](CC(=O)O)NC(=O)[C@H](CCC(N)=O)NC(=O)[C@H](C)NC(=O)[C@H](CCCNC(=N)N)NC(=O)[C@H](CCCNC(=N)N)NC(=O)[C@H](CO)NC(=O)[C@H](CC(=O)O)NC(=O)[C@H](CC(C)C)NC(=O)[C@H](Cc1ccc(O)cc1)NC(=O)[C@H](CCCCN)NC(=O)[C@H](CO)NC(=O)[C@H](Cc1ccc(O)cc1)NC(=O)[C@H](CC(=O)O)NC(=O)[C@H](CO)NC(=O)[C@@H](NC(=O)[C@@H](O)Cc1ccccc1)[C@@H](C)O)C(C)C)C(=O)N[C@@H](CC(N)=O)C(=O)N[C@H](C(=O)O)[C@@H](C)O,15.51,active
CHEMBL4876736,CSCC[C@H](NC(=O)[C@H](CC(C)C)NC(=O)[C@H](Cc1c[nH]c2ccccc12)NC(=O)[C@H](CCC(N)=O)NC(=O)[C@@H](NC(=O)[C@H](Cc1ccccc1)NC(=O)[C@H](CC(=O)O)NC(=O)[C@H](CCC(N)=O)NC(=O)[C@H](C)NC(=O)[C@H](CCCNC(=N)N)NC(=O)[C@H](CCCNC(=N)N)NC(=O)[C@H](CO)NC(=O)[C@H](CC(=O)O)NC(=O)[C@H](CC(C)C)NC(=O)[C@H](Cc1ccc(O)cc1)NC(=O)[C@H](CCCCN)NC(=O)[C@H](CO)NC(=O)[C@H](Cc1ccc(O)cc1)NC(=O)[C@H](CC(=O)O)NC(=O)[C@H](CO)NC(=O)[C@@H](NC(=O)[C@@H](O)Cc1ccccc1)[C@@H](C)O)C(C)C)C(=O)N[C@@H](CC(=O)O)C(=O)N[C@H](C(N)=O)[C@@H](C)O,9.0,active
CHEMBL4857523,CCCCCCCCCCCCCCCC(=O)N[C@@H](CCC(=O)N[C@@H](CCC(=O)NCCCC[C@H](NC(=O)[C@H](CC(=O)O)NC(=O)[C@H](CO)NC(=O)[C@@H](NC(=O)[C@@H](O)Cc1ccccc1)[C@@H](C)O)C(=O)N[C@@H](CO)C(=O)N[C@@H](CCCCN)C(=O)N[C@@H](Cc1ccc(O)cc1)C(=O)N[C@@H](CC(C)C)C(=O)N[C@@H](CC(=O)O)C(=O)N[C@@H](CO)C(=O)N[C@@H](CCCNC(=N)N)C(=O)N[C@@H](CCCNC(=N)N)C(=O)N[C@@H](C)C(=O)N[C@@H](CCC(N)=O)C(=O)N[C@@H](CC(=O)O)C(=O)N[C@@H](Cc1ccccc1)C(=O)N[C@H](C(=O)N[C@@H](CCC(N)=O)C(=O)N[C@@H](Cc1c[nH]c2ccccc12)C(=O)N[C@@H](CC(C)C)C(=O)N[C@@H](CCSC)C(=O)N[C@@H](CC(=O)O)C(=O)N[C@H](C(N)=O)[C@@H](C)O)C(C)C)C(=O)O)C(=O)O,0.43,active
